Symbol,Rating,Risk,Composite_Score,Original Return [%],Scaled_Return,Scaled_Sharpe,Max. Drawdown [%],Duration,Inverted_High_Current_Ratio
FTN,100.0,Low,3.8871262352293545,459.96977570438384,1.003517708111508,9.30082558980579,4.231781119169045,-1.6056203517317773,3.2513893480298113
CHEEL,99.68627450980392,Medium,2.7056052204276995,376.351013095,0.8953613742155925,6.402407893754787,2.1031866087700894,-1.6348657994574762,3.1107146548556237
BTC,99.37254901960785,Low,2.201794742903157,13563.2397807312,3.020203131672058,2.786341462278021,0.2784929169671328,3.084425923015833,2.2401378271519525
PAXG,99.05882352941177,Low,2.14661278924397,56.28960327148438,0.029083082670068337,2.5623498252473382,3.4095053662816173,0.2599313663496483,3.1829984930361013
BGB,98.74509803921568,Medium,2.120141790371936,1047.823030109726,1.7256347260977012,4.429367581558646,1.949916025737403,-0.9560635654030961,1.7943802825777424
BNB,98.4313725490196,High,1.8872236523650976,27730.43548477173,3.3817651018882735,2.2058715551425983,0.4469033488906569,1.3158459526564619,1.893388739146911
WBTC,98.11764705882352,Low,1.7938390259894348,1418.1422705078126,1.8786347129246794,2.8428508696166324,0.6247161621650008,0.6278083140571241,2.2504783941341233
LEO,97.80392156862744,Low,1.7095458052465116,434.250682173,0.9702514556500244,2.305575854223171,1.5426063535708439,0.47080643679284573,2.4188909067094135
KAS,97.49019607843137,High,1.6363107095622134,26165.66445516815,3.352400740191649,1.3405819316929122,1.1238465326716405,-1.246978808569259,2.2952823635828485
USDC,97.17647058823529,Low,1.533014137332088,-0.9774130707979202,-0.6261848551329797,-0.4235459377533611,4.180227920518839,0.8032810004113177,3.1312287723336296
USDP,96.86274509803921,Low,1.5297145718954412,0.0140391744375519,-0.6260214249372155,-0.4213414272591176,4.165233440769488,0.8202125754104065,3.1209081157463734
USDT,96.54901960784314,Low,1.5251419805335997,-0.5565720760822296,-0.6261848551329797,-0.4235459377533611,4.014529135618186,1.3158459526564619,3.0101271069078126
TUSD,96.23529411764706,Low,1.4847546380484808,-1.1861264783740044,-0.6261848551329797,-0.4235459377533611,3.9535913382735504,1.1357555640297896,2.9803960906177553
FRXETH,95.92156862745098,Low,1.4699185959675944,71.18757811199998,0.2025105840881099,2.6825121862135024,2.394388093932053,-1.579453372187731,1.9100810379686297
BUSD,95.6078431372549,Low,1.4577568882405125,-0.3287662596702576,-0.6261848551329797,-0.4235459377533611,4.142062470643203,0.26916677089460583,3.101242201480257
DAI,95.29411764705883,Low,1.375005788238274,-0.1390211185217049,-0.6261848551329797,-0.4235459377533611,3.9730937535747173,0.17219502317255153,2.956089406846951
LUSD,94.98039215686275,Low,1.3726277232044508,0.3388089094162133,-0.62224077660907,-0.37221346942658695,4.18283901515008,-0.6420598108745393,3.08321792326855
USDD,94.66666666666667,Low,1.3476450273242846,-1.8866624927520756,-0.6261848551329797,-0.4235459377533611,4.2514663751585475,-1.2008017858444713,3.2258088843693815
FRAX,94.3529411764706,Low,1.3471895834942067,-1.8161820598840712,-0.6261848551329797,-0.4235459377533611,4.081002135916893,-0.44503784724877826,3.029968447067137
GUSD,94.03921568627452,Low,1.3230879090620737,0.2032063174248032,-0.6238193279871355,-0.4124428652416688,3.495712986829835,0.8063594685929701,2.853672972713404
MX,93.72549019607843,High,1.2401182862340079,2415.363639755964,2.1478479213306523,1.3368516011061422,0.34281028576334316,0.2630098345313008,1.6328825938174516
OKB,93.41176470588235,Medium,1.2080296305709695,1925.700498959184,2.033307604049885,1.6294105240412229,0.5241018954476445,0.48927724588276084,1.0702216683984758
CET,93.09803921568627,Medium,1.2047154496770016,1363.616412989576,1.8588128842233549,1.7579888592342576,0.36439612305725727,0.6693676345094332,1.1258542283374655
SOL,92.7843137254902,High,1.2015633223116642,14470.455317132057,3.0529362099067168,1.6028678806706675,-0.3797901945730586,-0.043297749543124694,1.2727427787375984
GT,92.47058823529412,Medium,1.1995779041998362,761.2617391161918,1.3932225205009052,1.579511508829608,0.6004272496175725,0.3076476231652623,1.5947589994526954
TRX,92.15686274509804,High,1.169326338190238,5961.184161784222,2.604583037683013,0.9545629264123261,-0.3665589209981326,1.3158459526564619,1.4763866498140346
TON,91.84313725490196,High,1.1114253033241184,892.3756689900001,1.5628112770827431,1.4428187175580227,0.3598879920757352,-0.8159932631379067,1.940514909757155
STETH,91.52941176470588,Low,0.9970474932352813,324.267786996,0.8279945462866206,1.7850542042670725,0.42864323028563295,-0.42502780406803686,1.5043537226520256
QNT,91.2156862745098,High,0.9753731763510908,23475.149232800155,3.2975443275250442,1.1974340880779004,-0.015241136368118986,0.8940958117700669,-0.16228849737087034
TWT,90.90196078431373,High,0.932699524107777,7194.376724938846,2.6996442812453707,0.696225681747879,0.6877481123338086,-0.21415273362483941,0.5011660570149443
ETH,90.58823529411765,Low,0.9248262732655064,667.025251159668,1.2713327347812058,1.1325351271710282,-0.25905549708661085,1.3158459526564619,1.2788619898773967
WBT,90.27450980392157,Medium,0.907949117523617,129.8244625415802,0.576492652844777,1.405876263567734,0.5226951083977421,-1.3793529403803173,2.0420221126899376
LINK,89.9607843137255,High,0.8662591196315526,5187.50340334654,2.5343014249011753,1.06487319084144,-0.06897380891351154,1.3158459526564619,-0.026526583586019777
MATIC,89.64705882352942,High,0.7778778256756834,8571.085225646524,2.7881656062379445,0.9772363606788759,0.04571377928503717,0.49235571406441336,-0.22254900194068375
RUNE,89.33333333333334,High,0.761610299580141,18558.611154657137,3.178732797215749,0.9720028800608425,-0.37036583031755144,0.35998158225335514,-0.1780027637437621
LTC,89.01960784313727,Medium,0.7519977863450344,1197.9323650684355,1.79332064324006,0.6539425443643064,-0.2355833268730349,3.084425923015833,-0.17543535495376925
ANT,88.70588235294117,High,0.6165736134788655,439.7595128098726,0.9773768292760481,0.25177797462178086,-0.3731576191127458,1.3158459526564619,1.1912862807552043
KCS,88.3921568627451,High,0.6009023431189195,1072.763687919557,1.737527329344787,0.609441995197493,-0.48323171271928705,1.3158459526564619,0.3014522219344872
AR,88.07843137254902,High,0.581926536021106,2777.275301597,2.21843483531228,0.8542606044888504,-0.34684187913614584,-0.11564175181195886,0.15030773588204135
INJ,87.76470588235294,High,0.5786387224022731,1194.074410488367,1.791689845431692,0.9608453615203918,-0.30131952859563593,-0.3419091631634189,0.43092395819107154
MKR,87.45098039215686,Medium,0.5618905331704755,481.0179591369629,1.030742391713571,0.4925110445657724,-0.14019719440317824,1.298914377657373,0.5220600686964219
FLUX,87.13725490196079,High,0.5031818632778532,1584.0628731467857,1.9345728165756666,0.43987032894851663,-0.14227700305126753,0.906409684496677,-0.18505134129484216
STX,86.82352941176471,High,0.47423449023171294,576.5972850820001,1.1543690655349546,0.4205054693197939,-0.20611885644620023,0.21221510953403427,0.6830640621639035
OCEAN,86.50980392156863,High,0.4407678163164651,1031.004227268219,1.7174540124582462,0.43945350987233844,-0.2346494610616138,0.4800418413378033,0.0016183544279128072
ADA,86.19607843137254,High,0.4228720421658285,1039.3671300066824,1.7215382989205021,0.5274877075181049,-0.46040585571853704,1.3158459526564619,-0.337916318527367
TRB,85.88235294117646,High,0.4213832082762064,2019.6191185970304,2.0573820667028504,0.31899223349993916,-0.281131644533606,0.17681272544503032,-0.05280086192941983
NEXO,85.56862745098039,Medium,0.4078484231370529,257.8530909013749,0.7420907392671191,0.37592113676037686,-0.00030640431532499336,1.049558454943519,0.23430801113236013
MANA,85.25490196078431,High,0.3973030384716718,2017.7257381128336,2.0569078824593254,0.2839786520872691,-0.3337326929070584,1.3158459526564619,-0.5788442085982095
RPL,84.94117647058823,High,0.386999236369282,995.8925621315242,1.6967047635336663,-0.2579644144067754,0.09793477840395517,0.9294981958590709,-0.027227088851191024
AKT,84.62745098039215,High,0.34511293534570886,474.4271435567141,1.0222175292508995,0.7680867703139977,-0.4452762842565439,-0.34036992907259267,0.39445895000614906
AXS,84.31372549019608,High,0.34412845936047176,2918.991591749743,2.243595615862608,0.8852969967501663,-0.4387418000787079,-0.36345844043498654,-0.6574991421510802
HNT,84.0,High,0.3425295479582817,1529.6251993975638,1.9168931630855566,0.798303043710318,-0.45424461007970285,-0.13411256090187396,-0.4197563570696022
FTM,83.68627450980392,High,0.3356997725130711,1233.5191156775506,1.8081205431443097,0.2807149905914828,-0.3083668968623923,0.7694178504131399,-0.40670664081674945
BNX,83.37254901960785,Medium,0.29912935008993846,2.1394170999999917,-0.6012798753544536,-0.3688455899625089,0.13860906247808125,-1.6441012040024339,2.6136840124917478
TIA,83.05882352941177,High,0.2969089435125687,97.092544234,0.5040706012684041,1.0695516461983314,0.6241154358179827,-2.0427628335264347,0.1881776112227723
GNO,82.74509803921569,Medium,0.2475077421237612,126.10301602935792,0.5716791636350417,0.0479412050112309,-0.45942858801082714,1.3158459526564619,0.2968652262884896
XDC,82.43137254901961,High,0.22866923805389988,573.0944945294558,1.1498383959490126,0.12051335508527618,-0.39822072114885276,1.0772646685783918,-0.2372889999737616
JST,82.11764705882354,Medium,0.22686872058318308,280.02651948623225,0.7707708664395813,0.5905095229625138,-0.007388580577121604,-0.08485706999543369,-0.19652503921706946
THETA,81.80392156862746,High,0.2087837311415321,485.7164955784082,1.0368196937487255,0.2838964833436744,-0.36824636130582367,1.20963880038945,-0.4645814255963501
CRO,81.49019607843138,Medium,0.18896261804743036,395.5545423059798,0.9202000976373336,0.4314355741699163,-0.2919959484388652,0.7001523163259583,-0.42710319862264934
RETH,81.17647058823529,Low,0.1875094261060477,-39.81721777343751,-0.6261848551329797,-0.4235459377533611,0.5232862027997723,-0.9545243313122699,1.6112133787319687
BORG,80.86274509803921,Low,0.1861805831857223,-39.856618062078944,-0.6261848551329797,-0.4235459377533611,1.7308781075932516,-2.0350666630723038,1.0784580411193596
KSM,80.54901960784314,High,0.17731905246732532,726.7798920017481,1.3486221215775283,0.6677324083063706,-0.4327110601020401,0.14141034135602637,-0.6576275454044973
NEAR,80.23529411764706,High,0.1687498641534995,331.4956066685915,0.8373433389911966,0.5348081106646184,-0.3206263285400109,-0.3311345245276351,-0.056494297801032066
STSOL,79.92156862745098,Low,0.1646619769542687,12.116127290000003,-0.48514087397030753,-0.2432122336006214,-0.36566902450062366,-0.8637095199535206,1.9458552564403524
ENJ,79.6078431372549,High,0.14756214511240634,581.6323519180119,1.1608816513818399,0.11382442151948316,-0.4218264973316362,1.3158459526564619,-0.6489598830676021
AVAX,79.29411764705883,High,0.1468277515191476,267.28953638505936,0.7542962696609573,0.49416812813325534,-0.23640331782913898,-0.18798575408079302,-0.17590835071648955
XRP,78.98039215686275,Medium,0.14231785652733953,132.76183001212777,0.5802919783430941,0.010529960589112054,-0.3590132574011781,1.3158459526564619,-0.1776719488099294
FET,78.66666666666666,High,0.1319903791569638,136.47965653747323,0.5851007852961548,-0.052106033081024204,-0.42663089605960963,0.5800920572415101,0.2195299859230155
XLM,78.35294117647058,Medium,0.12661672587778844,167.07999933093788,0.6246806689158154,0.12922995418083524,-0.37959565618269614,1.3158459526564619,-0.3674039305736628
MSOL,78.0392156862745,High,0.12482903117254124,14.776950746000002,-0.4541661966313687,-0.42315589212680443,-0.36558591284442765,-0.8760233926801307,1.9356726865350653
XNO,77.72549019607843,High,0.08600622243743691,475.7890661966801,1.0239791023140725,0.08090053427517663,-0.5168524889889935,1.3158459526564619,-0.6782790680604994
XMR,77.41176470588235,Low,0.08385867558458328,21.849416687011704,-0.3718355369179303,-0.26740079071135525,-0.21046558235095858,1.3158459526564619,0.4593834628891254
GNS,77.09803921568627,High,0.07794293199196442,91.44225107336044,0.4382954717209807,0.18596007946985355,0.049278522230557335,-0.9206611813140922,0.1675821432870594
OP,76.7843137254902,Medium,0.07700985189186967,40.30075226509571,-0.1570433211041079,0.2543139060243214,0.7033519180515565,-1.4424615381041939,0.24672840878592903
AAVE,76.47058823529412,Medium,0.07243602344825828,119.40170579528808,0.5630113823309585,0.3087033363382814,-0.1705459129002793,-0.31882065180102503,-0.14890296644814194
CHZ,76.15686274509804,High,0.07142020180993267,318.612133130664,0.8206792647783726,0.18743380305355928,-0.2366911201975375,0.3938447322515328,-0.5015941324421093
TFUEL,75.84313725490196,High,0.05173064375910234,237.21857368035032,0.7154011104721612,0.09396335848093881,-0.3107000439489036,0.5400719708800273,-0.41517136663641724
RLC,75.52941176470588,High,0.050965858782421755,106.2080589222908,0.5459461157332373,-0.1926516279721968,-0.36340387255293444,1.3158459526564619,-0.32263334635843594
ANKR,75.2156862745098,Medium,0.037270524840200325,102.1648073475929,0.5407163891301181,-0.04200225913511786,-0.24406657154943895,0.5739351208782051,-0.2822934787124234
BDX,74.90196078431373,High,0.024258433746563654,-33.43684649091217,-0.6261848551329797,-0.4235459377533611,0.3726402616846882,0.43078635043136304,0.4705857345658672
SSV,74.58823529411765,High,0.013344119456435613,37.80615105628967,-0.1860830032964215,-0.1540717195919071,0.4297461207469025,-0.9052688404058297,0.38393531635376044
FCT,74.27450980392157,Low,0.008350805045198473,-34.14756368399999,-0.6261848551329797,-0.4235459377533611,1.062400766100226,-1.774936101722666,0.8129969732950949
SNX,73.9607843137255,High,0.006837556279740392,162.870027001,0.619235298058842,-0.08668291702347579,-0.342875024100341,1.126520159484832,-0.5861219737993096
EWT,73.6470588235294,High,0.006513720534230147,180.09760856866836,0.6415182403807218,0.1828845141971344,-0.1925278829360927,-0.027905408634862107,-0.4664226827652308
GLM,73.33333333333333,Medium,-0.02372723058345578,29.62984104052186,-0.28126352494676177,-0.3013493719283288,-0.4508419824672305,1.3158459526564619,0.1933163292289234
SEI,73.01960784313725,Medium,-0.03581338564926316,31.70558664523065,-0.25709974579839606,0.3701746335520102,0.5409977212767084,-1.924241808532813,0.11748612926659767
CHR,72.70588235294117,High,-0.041555071477475135,94.13164977312086,0.46960279381068804,-0.18318313360026456,-0.26256936600544767,0.4461786913396256,-0.33783465040875066
METIS,72.3921568627451,High,-0.056430204693965105,285.7811241960525,0.7782141354980078,0.2257995385603568,-0.401790014006801,-0.6559129176919757,-0.40820569210243585
SAND,72.07843137254902,High,-0.065290573226999,291.3237651880683,0.7853832409845122,0.2649300624314161,-0.4254761161933628,-0.2372412449872333,-0.6518766856882366
GALA,71.76470588235294,High,-0.06637481581819774,894.7048557446836,1.565823953813231,-0.2884436873803994,-0.4792784584680118,-0.29111443816615235,-0.6772731241560906
WOO,71.45098039215686,High,-0.07959287595080511,212.22272307065123,0.683070333500682,-0.03980304342128284,-0.24298732557285108,-0.35422303589002896,-0.44737460052335487
CAKE,71.13725490196077,Medium,-0.0823605780003732,181.16313807106016,0.6428964449970108,0.33941555789849953,-0.44385542910576775,-0.30958524725606745,-0.6312296797630824
EGLD,70.8235294117647,Medium,-0.09307914304418334,93.0561115589142,0.4570824407314083,0.24541382442739504,-0.33391885042317976,-0.26956516089458477,-0.5526800326459245
VET,70.50980392156862,Medium,-0.09417352901749722,54.70241952971418,0.010606657949712318,-0.1443236177018186,-0.2754133355635969,0.9048704504058507,-0.4219583652230528
POLYX,70.19607843137254,Medium,-0.09533356949883014,-9.425387247577294,-0.6261848551329797,-0.4235459377533611,0.8363917981469309,-1.2439003403876066,0.35263498657738496
AGIX,69.88235294117646,High,-0.09962418464910344,-62.02926858454943,-0.6261848551329797,-0.4235459377533611,-0.5201760234550642,1.2065603322077973,0.377704697403457
ZRX,69.56862745098039,Medium,-0.1015973401621324,34.08379387751225,-0.22941500726418607,-0.28733903322946114,-0.2731402453687367,1.3158459526564619,-0.31812556195095765
CTSI,69.25490196078431,High,-0.11065470380525545,123.27130210521813,0.568016495268282,-0.13047008072150923,-0.28527697467976354,-0.06330779272386607,-0.49214926746085963
GMX,68.94117647058823,Medium,-0.11274072720927442,10.049645277000003,-0.5091968155379677,-0.3227558280048602,0.5719451259766671,-0.8436994767727792,0.14212185293795246
APT,68.62745098039215,Low,-0.12996936397102893,-32.31510947999999,-0.6261848551329797,-0.4235459377533611,0.777598636435384,-1.459393113103283,0.3597651058547033
TRAC,68.31372549019608,High,-0.1380127120183847,20.489351484388116,-0.387668072036406,-0.3696587620948336,-0.5028253198444593,1.19732492766284,-0.019847714399497327
IOTA,68.0,Low,-0.1464566288387198,-20.065316192090528,-0.6261848551329797,-0.4235459377533611,0.9165872881980811,-1.9950465767108208,0.4164791037143631
SUI,67.68627450980392,Low,-0.15070967008653197,-52.801355988,-0.6261848551329797,-0.4235459377533611,0.7448794960184376,-1.7610829949052296,0.43880052051328283
ETC,67.37254901960785,Low,-0.16616102623054896,-9.150582706451416,-0.6261848551329797,-0.4235459377533611,-0.1671421890887967,1.3158459526564619,-0.23059736146559917
BAT,67.05882352941177,Medium,-0.1665327889448648,10.697569501593753,-0.5016543219720686,-0.36495473786348165,-0.12818625381185714,1.3158459526564619,-0.4152186857385456
WEMIX,66.74509803921569,High,-0.18939472123253398,201.73914591941235,0.6695103950920057,-0.048908104794865584,-0.5091899908684665,-0.35422303589002896,-0.6432463771298538
LPT,66.43137254901961,High,-0.19228509540269773,27.480629359722137,-0.30628252355628455,-0.3730421426342773,-0.3149401833895467,0.692456145871827,-0.22785084424556357
XVS,66.11764705882352,High,-0.19426776188272016,103.52491149902345,0.5424756100770066,-0.07717332865248837,-0.4472826182064501,-0.31882065180102503,-0.6056790014344323
APE,65.80392156862744,High,-0.19682747264610437,113.85435920977594,0.5558361904145012,-0.4235459377533611,-0.5617497992376765,-1.1253793153939846,0.14965877666627478
RARI,65.49019607843137,High,-0.20098191397729004,216.376660206,0.6884432258728423,-0.23853281765725434,-0.47525520815615285,-0.18490728589914052,-0.6318086844520849
PENDLE,65.17647058823529,High,-0.20774642878311517,17.27887358009812,-0.4250412833123874,-0.3498911180345077,-0.48538317388336666,-0.634363640420408,0.5137909134988607
EUL,64.86274509803921,Medium,-0.20866245840007958,5.107899557590499,-0.5667237359372258,-0.35382752441592896,0.03977430653657349,-1.2823811926582631,0.47320643008233504
IOTX,64.54901960784314,High,-0.21509634645906947,14.796142520382723,-0.4539427849586679,-0.3799412535099576,-0.44363987462277976,1.0126168367636887,-0.2331398571407899
STRD,64.23529411764706,High,-0.21533436929671834,70.69277670383454,0.19675059504027687,0.045609330815159166,-0.03306121310128987,-1.537894051735422,-0.33949426749112255
RIF,63.92156862745098,Medium,-0.21675015396867348,-57.86298250629008,-0.6261848551329797,-0.4235459377533611,-0.1546198508385669,0.6493575913286918,-0.14579712031541917
ROSE,63.607843137254896,Medium,-0.2170937781004958,50.599168268937554,-0.03715933853402786,-0.08966500316605176,-0.26480793667510394,-0.3865469517973804,-0.3591232491359225
NMR,63.29411764705882,High,-0.21709996372711965,0.6029849758148192,-0.619165499893918,-0.42224025273304133,-0.37151247264940357,1.3158459526564619,-0.2693502466540501
FLR,62.98039215686274,Low,-0.2208732848538672,-65.76339813514622,-0.6261848551329797,-0.4235459377533611,0.3568689002733305,-1.5902280108235147,0.4074606706941353
ELF,62.666666666666664,Medium,-0.23290666705937518,-69.75189462018014,-0.6261848551329797,-0.4235459377533611,-0.47666341967786563,1.2511981208417589,-0.20905652119449905
BAND,62.35294117647059,High,-0.24941678832683992,51.116258407115936,-0.031139886116354,-0.25178859161940714,-0.3444878303854823,0.27224523907625836,-0.5687375160139906
ATOM,62.03921568627451,Low,-0.25109102346334694,-36.77338148450852,-0.6261848551329797,-0.4235459377533611,-0.036409340306143935,0.561621248151595,-0.3421595487137327
YFI,61.72549019607843,Medium,-0.25341436055994404,49.28033935546875,-0.052511841522470924,-0.11868815422569282,-0.2940095829420958,-0.20183886089822936,-0.5227404062678184
DUSK,61.411764705882355,Medium,-0.2689909854870537,-1.9003147430270768,-0.6261848551329797,-0.4235459377533611,-0.3267117580882862,0.3784523913432702,-0.08947579328924797
ARB,61.09803921568627,Low,-0.27579284810432025,-60.45624146,-0.6261848551329797,-0.4235459377533611,0.5176265704124001,-1.697974397181353,0.10255774588332037
RVN,60.78431372549019,Medium,-0.2808455965308583,-51.08805003647049,-0.6261848551329797,-0.4235459377533611,-0.2740952024723277,1.1295986276664844,-0.5149193861537175
BCH,60.470588235294116,Low,-0.2814032278106512,-76.74051123046875,-0.6261848551329797,-0.4235459377533611,-0.4639455358526517,1.3158459526564619,-0.4415005030068586
AXL,60.15686274509804,Low,-0.2829982499528264,-26.89028444400001,-0.6261848551329797,-0.4235459377533611,0.3618130627319166,-1.4270691971959313,0.08341247652939919
SFP,59.84313725490196,Medium,-0.28311491214819234,-69.04325872510671,-0.6261848551329797,-0.4235459377533611,-0.1600763623842619,-0.5112249131543074,0.11112716873337512
ZEN,59.529411764705884,Low,-0.28917464852770647,-65.97436086845397,-0.6261848551329797,-0.4235459377533611,-0.361877712901843,1.3158459526564619,-0.5576670950123397
XTZ,59.2156862745098,Low,-0.2904765644776605,-61.02387801402808,-0.6261848551329797,-0.4235459377533611,-0.40124552478763037,1.3158459526564619,-0.5299759169988082
CKB,58.90196078431372,Medium,-0.2912302990193209,-24.658461276905,-0.6261848551329797,-0.4235459377533611,-0.31472172346168187,0.17681272544503032,-0.0982713880619566
DCR,58.588235294117645,Low,-0.30288358734452653,-68.04204811096191,-0.6261848551329797,-0.4235459377533611,-0.3686151293542128,1.3158459526564619,-0.6066124196526512
BSV,58.27450980392157,Medium,-0.30596076336541134,-69.03042430114745,-0.6261848551329797,-0.4235459377533611,-0.28997912745513005,0.7540255095048773,-0.434473504401522
UNI,57.96078431372549,Medium,-0.3063632301826882,7.816278288000002,-0.5351954670861266,-0.3523881830510589,-0.13972101028423586,-0.2880359699844999,-0.23409181075012817
NEO,57.64705882352941,Low,-0.30816012740151943,-69.9625474662781,-0.6261848551329797,-0.4235459377533611,-0.42362009726763045,1.3158459526564619,-0.5816854130537816
SYS,57.333333333333336,Medium,-0.30878507872103844,-66.37464432000002,-0.6261848551329797,-0.4235459377533611,-0.5026460853343923,1.3296990594738982,-0.5243489156453808
COTI,57.01960784313726,Medium,-0.3129118161729252,-25.389790073663026,-0.6261848551329797,-0.4235459377533611,-0.28281500128437465,0.4354040527038418,-0.326315364949946
CVC,56.705882352941174,Medium,-0.31440126419576064,-71.42358980338277,-0.6261848551329797,-0.4235459377533611,-0.5155299705800166,1.3158459526564619,-0.5297810851902905
ENS,56.3921568627451,Low,-0.3193018083562654,-70.22698851013183,-0.6261848551329797,-0.4235459377533611,-0.11531770990465792,-0.9329750540407022,0.11741291467676238
HBAR,56.07843137254902,Medium,-0.3193230211618647,-10.11241491306579,-0.6261848551329797,-0.4235459377533611,-0.2022333632981846,0.2737844731670846,-0.3471925643610576
DGB,55.76470588235294,Medium,-0.321602438269151,-34.12539114101051,-0.6261848551329797,-0.4235459377533611,-0.44735031366814787,1.3158459526564619,-0.6153796864597058
POLY,55.450980392156865,Medium,-0.323657968911043,-90.09245979186149,-0.6261848551329797,-0.4235459377533611,-0.5289814350181004,1.1850110549362298,-0.49716542828684207
BNT,55.13725490196079,Low,-0.3266619024952824,-77.26869294315577,-0.6261848551329797,-0.4235459377533611,-0.5009193135628712,1.3158459526564619,-0.5907876553616822
ZEC,54.82352941176471,Low,-0.32785826672797036,-88.05078164672851,-0.6261848551329797,-0.4235459377533611,-0.4631361374714398,1.3158459526564619,-0.6271005326324525
ZIL,54.50980392156863,Low,-0.32800858128427945,-87.75819426646456,-0.6261848551329797,-0.4235459377533611,-0.4870599683607571,1.19732492766284,-0.5549707055143283
RSR,54.19607843137255,High,-0.32891379311436403,33.73456760738633,-0.23348035440739437,-0.29868000452018373,-0.492895765140932,0.4523356277029306,-0.6415125273871783
ID,53.88235294117647,Medium,-0.3299261713549541,-37.32004316,-0.6261848551329797,-0.4235459377533611,0.3686519322613013,-1.6964351630905266,0.010783387900991639
ORBS,53.568627450980394,Medium,-0.33132940528908994,-20.18025259374633,-0.6261848551329797,-0.4235459377533611,-0.24462777126405758,0.5308365663350698,-0.47399306528184476
SC,53.254901960784316,Medium,-0.3316685313768182,-10.018931720908556,-0.6261848551329797,-0.4235459377533611,-0.5182589545087851,1.3158459526564619,-0.5962382965195413
GAL,52.94117647058823,Low,-0.33259606724638335,-77.46050710400002,-0.6261848551329797,-0.4235459377533611,-0.0734477912492268,-1.2038802540261238,0.15010248161159206
DAG,52.627450980392155,Medium,-0.33602146632445534,-23.703951965331918,-0.6261848551329797,-0.4235459377533611,-0.3916929522501034,0.9725967504022062,-0.566482033504333
GEAR,52.31372549019608,Low,-0.3367426195708935,-63.32639158,-0.6261848551329797,-0.4235459377533611,0.3010519734308999,-1.5594433290069896,-0.020873920719349702
API3,52.0,Medium,-0.33895832493839134,-40.56033587646484,-0.6261848551329797,-0.4235459377533611,-0.10128885023735988,-0.40655699497812176,-0.20684450130335577
LRC,51.68627450980392,Medium,-0.3395052901644468,-27.35813772831859,-0.6261848551329797,-0.4235459377533611,-0.5212186403566437,1.3158459526564619,-0.6249627207334837
IOST,51.372549019607845,Medium,-0.34034818402350925,-87.7263241555541,-0.6261848551329797,-0.4235459377533611,-0.47473103740688605,1.2111780344802763,-0.6205519550524254
IQ,51.05882352941177,Medium,-0.34162705304176966,-91.69673313599549,-0.6261848551329797,-0.4235459377533611,-0.5103722861880402,0.9371943663132022,-0.47393743501858226
EOS,50.74509803921569,Low,-0.34214963586860503,-61.51588016211986,-0.6261848551329797,-0.4235459377533611,-0.4644446875786511,1.3158459526564619,-0.6828976700267617
SNT,50.431372549019606,Medium,-0.34368094174795055,-35.79110564999654,-0.6261848551329797,-0.4235459377533611,-0.5055050373895321,1.3158459526564619,-0.6547062890451135
LDO,50.11764705882353,High,-0.3455239744311115,-26.779098111629477,-0.6261848551329797,-0.4235459377533611,-0.21452353427650225,-0.45889095406621455,-0.1151323116424321
LSK,49.80392156862745,Low,-0.347608299063465,-86.68439436441659,-0.6261848551329797,-0.4235459377533611,-0.49944571550323713,1.3158459526564619,-0.6753997502416428
WAVES,49.490196078431374,Medium,-0.35180605778158064,-78.22803385555744,-0.6261848551329797,-0.4235459377533611,-0.4892213566746993,1.3158459526564619,-0.7006475776254859
STEEM,49.17647058823529,Low,-0.3519633889649994,-84.37966380715368,-0.6261848551329797,-0.4235459377533611,-0.498577992256047,1.3158459526564619,-0.6934606949196557
QTUM,48.86274509803921,Low,-0.3522031670333128,-82.79975732445716,-0.6261848551329797,-0.4235459377533611,-0.5140540447734783,1.3158459526564619,-0.6814920464511877
OMI,48.549019607843135,Low,-0.35378519185371293,-84.433786773,-0.6261848551329797,-0.4235459377533611,0.17513794550745998,-1.1546247631196835,-0.16374698787363295
ASTR,48.23529411764706,Low,-0.35384426816534575,-62.04978996199371,-0.6261848551329797,-0.4235459377533611,-0.0009924966719848099,-1.0407214403985403,-0.06760162390512982
DASH,47.92156862745098,Low,-0.355365546861909,-93.51535090065003,-0.6261848551329797,-0.4235459377533611,-0.4969776654288475,1.3158459526564619,-0.7083400452753091
FIL,47.6078431372549,High,-0.35833510932022944,-74.86210177683832,-0.6261848551329797,-0.4235459377533611,-0.49534201810461365,1.263511993568369,-0.6982342861526143
FX,47.294117647058826,High,-0.3601596350698879,-76.28737426474689,-0.6261848551329797,-0.4235459377533611,-0.32030567073785887,0.4969734163368921,-0.5104921208464558
TEL,46.98039215686275,Medium,-0.3612927584671629,-63.81432048904253,-0.6261848551329797,-0.4235459377533611,-0.5349952562096486,1.2127172685711025,-0.6542882731779583
CELR,46.666666666666664,Medium,-0.3643782069929199,-58.05708344250419,-0.6261848551329797,-0.4235459377533611,-0.32433146194434276,0.5446896731525062,-0.5451606814098638
ICX,46.35294117647059,Low,-0.36578422079804046,-88.55149497538807,-0.6261848551329797,-0.4235459377533611,-0.5243227929117994,1.3158459526564619,-0.7269794912798667
HFT,46.03921568627451,Low,-0.36807895932423873,-77.50535851500001,-0.6261848551329797,-0.4235459377533611,0.23597375156144754,-1.4886385608289816,-0.12278537408715852
WAXP,45.72549019607843,Medium,-0.37442895593592623,-95.34849122623169,-0.6261848551329797,-0.4235459377533611,-0.5376290470195481,1.2511981208417589,-0.7215072606769876
ONT,45.41176470588235,Low,-0.375918635897098,-90.2000010573864,-0.6261848551329797,-0.4235459377533611,-0.49687737112942654,1.1326770958481371,-0.7087157519507203
HT,45.09803921568627,Low,-0.3808059351151633,-71.42820381075146,-0.6261848551329797,-0.4235459377533611,-0.5258976459951245,1.1834718208454036,-0.7265450596605479
UMA,44.78431372549019,High,-0.3864186282640484,20.01723404753208,-0.39316399670578867,-0.3236227248745158,-0.38066888619963557,-0.11256328363030635,-0.5661406598711627
AZERO,44.470588235294116,Low,-0.39101093105668033,-71.5105364420414,-0.6261848551329797,-0.4235459377533611,0.04179811098596755,-1.0545745472159767,-0.24511764544402162
CFG,44.15686274509804,Low,-0.39303898124355774,-62.873814801812166,-0.6261848551329797,-0.4235459377533611,-0.22485261404782467,-0.75288466541403,-0.16480127221806443
HOT,43.84313725490196,High,-0.39458712720416045,-99.31512696673632,-0.6261848551329797,-0.4235459377533611,-0.5700625588930023,1.2050210981169711,-0.7541155718686859
ALGO,43.529411764705884,Low,-0.3996294780002373,-94.16871224641798,-0.6261848551329797,-0.4235459377533611,-0.38009139147527804,0.4092370731597954,-0.5786373936966669
DOT,43.21568627450981,Low,-0.40776601960145525,-6.233315408706665,-0.6261848551329797,-0.4235459377533611,-0.22413440878823387,-0.24647664953219087,-0.4494149321064232
HIVE,42.90196078431372,Medium,-0.4140578816056827,-28.765642416894465,-0.6261848551329797,-0.4235459377533611,-0.2756510468897132,-0.020209238180730813,-0.5321486201179915
ACH,42.588235294117645,High,-0.41491559899605207,-47.85566335572094,-0.6261848551329797,-0.4235459377533611,-0.3773076306331912,-0.27726133134871606,-0.3362679454087254
XEC,42.27450980392157,Medium,-0.41887556905868395,9.789612183886636,-0.512223863852079,-0.3325495675174263,-0.2605106740997832,-0.7421100267782462,-0.4151688064647724
TRU,41.96078431372549,High,-0.42133793443788403,-46.211387892,-0.6261848551329797,-0.4235459377533611,-0.381829663351409,-0.38808618588820665,-0.30873190078013074
ONE,41.647058823529406,Medium,-0.42731759940809,-56.51340075,-0.6261848551329797,-0.4235459377533611,-0.4435008500767236,0.4415609890671468,-0.6502929381856538
ALPHA,41.33333333333333,Medium,-0.4298382376096447,26.64212163200001,-0.3160436019374274,-0.2661857884799728,-0.47739892993903255,-0.31112448134689374,-0.6827258762673608
CELO,41.01960784313725,Low,-0.43522808910060073,-77.58853409332036,-0.6261848551329797,-0.4235459377533611,-0.30711224937221515,-0.10794558135782757,-0.5511004371911609
KAVA,40.705882352941174,Low,-0.44069245830817555,-65.12235312640668,-0.6261848551329797,-0.4235459377533611,-0.4046332673887184,0.21529357771568677,-0.6352843317741551
FIS-USD,40.3921568627451,Medium,-0.44474149616905334,-85.97683699600002,-0.6261848551329797,-0.4235459377533611,-0.3237325753344002,-0.26956516089458477,-0.5031590005891577
BTT,40.07843137254902,High,-0.4610032286178466,-99.769053024,-0.6261848551329797,-0.4235459377533611,-0.5703583922321236,0.6401221867837342,-0.7668292441591086
KLAY,39.76470588235294,Medium,-0.4618537619356172,4.702786202564836,-0.5714396652971085,-0.39063228541096734,-0.43991509418271146,-0.02636617454403585,-0.6553515786884588
IMX,39.450980392156865,Low,-0.46641796850866896,-65.527020615,-0.6261848551329797,-0.4235459377533611,-0.3525682684195324,-0.925278883586571,-0.27352567661226723
KNC,39.13725490196079,Low,-0.46847856650220043,-74.54346565818787,-0.6261848551329797,-0.4235459377533611,-0.20280580315855254,-0.7728947085947714,-0.47460857052046557
COMP,38.82352941176471,Low,-0.4711552776323331,-83.358326935,-0.6261848551329797,-0.4235459377533611,-0.4131808340143792,-0.14488719953765777,-0.5891028299918095
FLM,38.50980392156863,Low,-0.4715458959583799,-90.455823289,-0.6261848551329797,-0.4235459377533611,-0.3595101242073439,-0.2941929063478049,-0.569022684891505
MASK,38.19607843137255,Medium,-0.4747333570207614,-88.62331582499999,-0.6261848551329797,-0.4235459377533611,-0.3639368908183846,-0.532774190425875,-0.4718278239630444
KDA,37.88235294117647,High,-0.4760794229805978,10.436724789083003,-0.5046908183571894,-0.37958594709094057,-0.4816649465228379,-0.12179868817526389,-0.6964862232096646
CFX,37.568627450980394,High,-0.48179444793161474,-4.836322181403637,-0.6261848551329797,-0.4235459377533611,-0.49777967529990275,-0.37423307907077036,-0.4587345759683799
MINA,37.254901960784316,Low,-0.4834329610312821,-91.64886239546536,-0.6261848551329797,-0.4235459377533611,-0.2721747149413114,-0.6851583654176746,-0.5152611402718683
RDNT,36.94117647058823,High,-0.48848167304741613,-4.333370490372224,-0.6261848551329797,-0.4235459377533611,-0.28449214145032004,-1.3316366835647033,-0.2373413648291308
PUNDIX,36.627450980392155,Low,-0.4892798834149553,-93.7249812978506,-0.6261848551329797,-0.4235459377533611,-0.3173167014552629,-0.5958827881497516,-0.5405750304702697
CRV,36.31372549019608,Low,-0.4916655504681001,-96.45646354052424,-0.6261848551329797,-0.4235459377533611,-0.40555084858828605,-0.2372412449872333,-0.6360151492668277
FXS,36.0,Medium,-0.49677358622061457,-68.05838364923001,-0.6261848551329797,-0.4235459377533611,-0.3613157250249294,-0.44503784724877826,-0.6008017188922754
BAL,35.68627450980392,Low,-0.49792369599791564,-85.53293073320388,-0.6261848551329797,-0.4235459377533611,-0.44224449802447025,-0.15874030635509412,-0.6652251788886208
GRT,35.372549019607845,Low,-0.4999202611742339,-82.653258096,-0.6261848551329797,-0.4235459377533611,-0.4529793945737456,-0.4281062722496894,-0.5443206486633455
SYN,35.05882352941177,Medium,-0.5011740099776677,-76.24619508999999,-0.6261848551329797,-0.4235459377533611,-0.28104262907874905,-0.8637095199535206,-0.49900933013320736
KUB,34.74509803921569,Low,-0.50195132306023,-88.16192367112636,-0.6261848551329797,-0.4235459377533611,-0.269143999916614,-0.9883874813104476,-0.4565483193576697
BLUR,34.431372549019606,Low,-0.5034681685972673,-85.95490771588683,-0.6261848551329797,-0.4235459377533611,-0.050465994573903585,-1.6441012040024339,-0.35334936749310103
DAO,34.11764705882353,Low,-0.5082846749965895,-89.64281727224589,-0.6261848551329797,-0.4235459377533611,-0.3709348306514706,-0.5127641472451336,-0.6084483864022135
HOOK,33.80392156862745,Low,-0.5126124000864649,-84.07823692032694,-0.6261848551329797,-0.4235459377533611,-0.1043133956361002,-1.5286586471904644,-0.39616580291918857
STG,33.490196078431374,Medium,-0.5140704836193738,-74.08623242999998,-0.6261848551329797,-0.4235459377533611,-0.21971154219656927,-1.1299970176664633,-0.4830423912920411
AUDIO,33.17647058823529,Medium,-0.5147174924349383,-40.83596022914348,-0.6261848551329797,-0.4235459377533611,-0.43240884520029,-0.34498763134507143,-0.6573954940587261
EVER,32.86274509803921,Low,-0.5149987273572647,-96.30598980993032,-0.6261848551329797,-0.4235459377533611,-0.479817654317936,-0.3496053336175502,-0.6168714909294878
1INCH,32.549019607843135,Low,-0.51534056063073,-76.22222480297089,-0.6261848551329797,-0.4235459377533611,-0.4171655050642067,-0.44195937906712573,-0.6294448072483547
RAD,32.23529411764706,Low,-0.5153798703851503,-91.539782244,-0.6261848551329797,-0.4235459377533611,-0.39163382266603936,-0.5281564881533962,-0.6125570602049827
SUSHI,31.92156862745098,Medium,-0.5158290647407964,-84.07058657169341,-0.6261848551329797,-0.4235459377533611,-0.4586422334596159,-0.25879052225880095,-0.6782786185205644
SKL,31.607843137254903,Medium,-0.5160310500813412,-77.96845482092353,-0.6261848551329797,-0.4235459377533611,-0.4551724901296647,-0.40655699497812176,-0.6162127976695887
AMP,31.294117647058822,Medium,-0.5193342715350847,-71.46764941251583,-0.6261848551329797,-0.4235459377533611,-0.5033518209226222,-0.2803397995303685,-0.6453064504776045
CVX,30.980392156862745,Medium,-0.5196628262489532,-69.90029413986207,-0.6261848551329797,-0.4235459377533611,-0.36839577624065933,-0.663609088146107,-0.5887243534743369
SCRT,30.666666666666664,Low,-0.5265052355647042,-59.728328205,-0.6261848551329797,-0.4235459377533611,-0.4746173906978569,-0.29573214043863116,-0.6909956642031788
OKT,30.352941176470587,Low,-0.5333553048740249,-91.41078163719176,-0.6261848551329797,-0.4235459377533611,-0.4409338878899298,-0.4804402313377822,-0.6641818659055632
JOE,30.03921568627451,Low,-0.5339445591996839,-89.85547052657604,-0.6261848551329797,-0.4235459377533611,-0.4196561066223613,-0.8190717313195591,-0.5335787339934731
ALICE,29.725490196078432,Low,-0.5424341512847701,-94.4990581011772,-0.6261848551329797,-0.4235459377533611,-0.4535676071758134,-0.5650981063332264,-0.6520933205393853
DODO,29.411764705882355,Medium,-0.5426623152019054,-71.01370030731707,-0.6261848551329797,-0.4235459377533611,-0.5056827292070615,-0.3388306949817664,-0.7101894119295212
SLP,29.098039215686274,High,-0.54301954942756,-96.1855782329296,-0.6261848551329797,-0.4235459377533611,-0.5517849686808814,-0.18028958362666173,-0.7436769775590101
DESO,28.784313725490197,Low,-0.5431719491356529,-96.21874001455308,-0.6261848551329797,-0.4235459377533611,-0.4194906745097718,-0.7082468767800685,-0.619773894848829
MAGIC,28.470588235294116,High,-0.5455604674515009,-16.029436140000005,-0.6261848551329797,-0.4235459377533611,-0.3730125910164166,-0.9452889267673124,-0.5625913772128105
XRD,28.15686274509804,Low,-0.5496765711290591,-84.18980295360092,-0.6261848551329797,-0.4235459377533611,-0.3795437852009444,-0.8513956472269105,-0.6153121910276577
GTC,27.84313725490196,Medium,-0.5515121878657735,-86.78882519599999,-0.6261848551329797,-0.4235459377533611,-0.43932285491095474,-0.6620698540552807,-0.6569655694611877
HIGH,27.529411764705884,Medium,-0.5516953779121205,-71.18501877499999,-0.6261848551329797,-0.4235459377533611,-0.42348259592649873,-0.8791018608617832,-0.5743264202801678
NYM,27.215686274509803,Low,-0.5527888874368616,-94.69101713812351,-0.6261848551329797,-0.4235459377533611,-0.29893730015469383,-1.1746348063004248,-0.5511452887955847
ILV,26.901960784313726,Low,-0.5545459037233882,-58.0019253540039,-0.6261848551329797,-0.4235459377533611,-0.4638525242490952,-0.5897258517864465,-0.6807571903549848
FLOW,26.588235294117645,Low,-0.5634793383755268,-91.90759058010578,-0.6261848551329797,-0.4235459377533611,-0.5180790244082236,-0.49275410406439224,-0.7141970354938152
CSPR,26.274509803921568,Low,-0.567602848669226,-98.17498112987728,-0.6261848551329797,-0.4235459377533611,-0.47705452838492746,-0.6543736836011494,-0.692935750979108
LQTY,25.96078431372549,Low,-0.5748501815053442,-96.85287328720092,-0.6261848551329797,-0.4235459377533611,-0.5100553981953382,-0.6005004904222304,-0.7182058652892822
MBOX,25.647058823529413,Low,-0.5761430841583218,-96.163610634,-0.6261848551329797,-0.4235459377533611,-0.518001204363843,-0.5881866176956203,-0.7221980698378332
C98,25.333333333333332,Low,-0.5769566341745918,-91.95179847418515,-0.6261848551329797,-0.4235459377533611,-0.4692243336656416,-0.7667377722314663,-0.6866985049339482
RARE,25.019607843137255,Low,-0.5781522576675476,-93.92710320000002,-0.6261848551329797,-0.4235459377533611,-0.48429624777435964,-0.7913655176846864,-0.6679110669665884
BNC,24.705882352941178,Low,-0.5800682998139259,-94.32626788,-0.6261848551329797,-0.4235459377533611,-0.49945823157595404,-0.8914157335883933,-0.6183474992258075
OHM,24.392156862745097,Low,-0.5801730533719134,-96.92622596549988,-0.6261848551329797,-0.4235459377533611,-0.534630034048628,-0.5912650858772728,-0.7229843152809831
XCH,24.07843137254902,Low,-0.5802781317618033,-97.08670244693757,-0.6261848551329797,-0.4235459377533611,-0.5117688966044132,-0.6405205767837131,-0.7205701710919546
OSMO,23.764705882352942,Low,-0.5831232650466632,-93.70397045373916,-0.6261848551329797,-0.4235459377533611,-0.4667625388607778,-0.9191219472232659,-0.6454793178834085
BICO,23.450980392156865,Low,-0.5873859450927658,-97.35489905267951,-0.6261848551329797,-0.4235459377533611,-0.4447881095159331,-0.96683820403888,-0.6595600280871624
GODS,23.137254901960784,Low,-0.5910984252546599,-95.67832003028693,-0.6261848551329797,-0.4235459377533611,-0.4911910867324358,-0.9160434790416134,-0.6581974525397247
RACA,22.823529411764707,High,-0.6011579613138298,-62.466487762,-0.6261848551329797,-0.4235459377533611,-0.533184806896198,-0.794443985866339,-0.7172960617639814
GMT,22.509803921568626,Medium,-0.6047333650419007,-65.19272129100001,-0.6261848551329797,-0.4235459377533611,-0.4446238913400453,-1.116143910849027,-0.6622999272057665
VVS,22.19607843137255,Low,-0.6089852973053718,-98.46014177312806,-0.6261848551329797,-0.4235459377533611,-0.501270723095179,-0.9529850972214436,-0.7045412266667961
GLMR,21.88235294117647,Low,-0.6247933458099424,-98.741010936141,-0.6261848551329797,-0.4235459377533611,-0.5141465510131933,-1.0299468017627567,-0.7224629061231659
POKT,21.568627450980394,Low,-0.6273948910900315,-98.88929764,-0.6261848551329797,-0.4235459377533611,-0.5328371503872377,-1.0191721631269728,-0.7220070239185966
KWENTA,21.254901960784313,Low,-0.6321261583671227,-84.00450816,-0.6261848551329797,-0.4235459377533611,-0.40132000439808163,-1.5332763494629431,-0.6218478246956637
LOOKS,20.941176470588236,Low,-0.6348079410106202,-99.080727537,-0.6261848551329797,-0.4235459377533611,-0.5443692601574377,-1.014554460854494,-0.7439416872363088
ETHW,20.627450980392158,Low,-0.6446745424224696,-97.79758560180665,-0.6261848551329797,-0.4235459377533611,-0.49120990534782993,-1.3516467267454446,-0.677576497416848
EVMOS,20.313725490196077,Low,-0.6539893393905121,-99.437876782,-0.6261848551329797,-0.4235459377533611,-0.5417188768654991,-1.1900271472086874,-0.7444118936799442
