Date,Open,High,Low,Close,Adj Close,Volume,Daily Return %,Daily Return
2023-03-23,11.796991,11.796991,1.104477,1.331082,1.331082,2314949442.0,,-0.8871676684334165
2023-03-24,1.325396,1.555872,1.18606,1.272492,1.272492,2537709581.0,-3.991561767200147,-0.0399156176720014
2023-03-25,1.272393,1.307232,1.19297,1.224705,1.224705,1294894243.0,-3.7478986445225786,-0.0374789864452257
2023-03-26,1.224117,1.341853,1.208092,1.283315,1.283315,1059587959.0,4.8359756461188015,0.048359756461188
2023-03-27,1.282521,1.320275,1.124495,1.162705,1.162705,1014240603.0,-9.342225195532857,-0.0934222519553285
2023-03-28,1.162855,1.220483,1.120494,1.217757,1.217757,696636270.0,4.7213109115065945,0.0472131091150659
2023-03-29,1.217956,1.271805,1.201921,1.224161,1.224161,791191358.0,0.509460111859543,0.0050946011185954
2023-03-30,1.224474,1.418585,1.224474,1.37904,1.37904,1860326377.0,,0.126230528373816
2023-03-31,1.378509,1.434779,1.342586,1.394385,1.394385,1023537825.0,1.1516790967632422,0.0115167909676324
2023-04-01,1.393666,1.401182,1.269179,1.271434,1.271434,708114802.0,-8.770537560649403,-0.087705375606494
2023-04-02,1.294198,1.297125,1.14154,1.19981,1.19981,1060389104.0,-7.293165342551906,-0.072931653425519
2023-04-03,1.200559,1.224307,1.113402,1.155946,1.155946,910113344.0,-3.716018954503695,-0.0371601895450369
2023-04-04,1.155965,1.262237,1.151284,1.235034,1.235034,741794294.0,6.840085988762641,0.0684008598876264
2023-04-05,1.23491,1.284951,1.212959,1.24374,1.24374,681537437.0,0.7150318646703092,0.007150318646703
2023-04-06,1.243624,1.244224,1.185614,1.213171,1.213171,389645869.0,-2.4487304844551137,-0.0244873048445511
2023-04-07,1.213181,1.24234,1.185641,1.197551,1.197551,331234273.0,-1.2883485646412227,-0.0128834856464122
2023-04-08,1.197363,1.208311,1.157278,1.163036,1.163036,238160037.0,-2.866883309405752,-0.0286688330940575
2023-04-09,1.162782,1.193555,1.15251,1.183895,1.183895,250921874.0,1.8157315816722257,0.0181573158167222
2023-04-10,1.183846,1.247945,1.166,1.242758,1.242758,391761283.0,4.9763229338951245,0.0497632293389512
2023-04-11,1.242849,1.252739,1.212962,1.217637,1.217637,329521306.0,-2.028565014736305,-0.020285650147363
2023-04-12,1.217775,1.21834,1.166148,1.200773,1.200773,344433781.0,-1.3961528196916475,-0.0139615281969164
2023-04-13,1.194302,1.371897,1.184227,1.365629,1.365629,1053950856.0,,0.1434536658232172
2023-04-14,1.366456,1.719496,1.366456,1.688148,1.688148,2927617181.0,,0.2354206794803492
2023-04-15,1.687867,1.733045,1.624707,1.648892,1.648892,1552620817.0,-2.3091274371736628,-0.0230912743717366
2023-04-16,1.649467,1.707532,1.597807,1.698545,1.698545,1105455426.0,2.9753853820658405,0.0297538538206584
2023-04-17,1.698828,1.698828,1.598109,1.612428,1.612428,881877178.0,-5.085859192337307,-0.050858591923373
2023-04-18,1.612795,1.801118,1.597628,1.673697,1.673697,1701258535.0,3.7761773815023,0.037761773815023
2023-04-19,1.672816,1.686518,1.469386,1.490376,1.490376,1454168810.0,,-0.1090616062974051
2023-04-20,1.49016,1.535727,1.411529,1.440728,1.440728,1189420145.0,-3.317227680249096,-0.0331722768024909
2023-04-21,1.440558,1.495072,1.418398,1.470284,1.470284,1115630340.0,2.063505947001087,0.0206350594700108
2023-04-22,1.470375,1.496495,1.433673,1.464299,1.464299,743368253.0,-0.413227918048115,-0.0041322791804811
2023-04-23,1.463775,1.463893,1.316034,1.339242,1.339242,624706911.0,-8.507659988727776,-0.0850765998872777
2023-04-24,1.339198,1.361657,1.293739,1.338344,1.338344,645855049.0,-0.0637695098111057,-0.000637695098111
2023-04-25,1.338297,1.381048,1.300433,1.379554,1.379554,636337759.0,3.0827985118400383,0.0308279851184003
2023-04-26,1.379177,1.494646,1.341212,1.384658,1.384658,1232822646.0,0.3974109197006509,0.0039741091970065
2023-04-27,1.384743,1.448856,1.382342,1.422934,1.422934,747265158.0,2.757984694632857,0.0275798469463285
2023-04-28,1.423004,1.439165,1.369259,1.382446,1.382446,413908770.0,-2.850167673456988,-0.0285016767345698
2023-04-29,1.38254,1.393086,1.3546,1.365903,1.365903,215575734.0,-1.2033648212709949,-0.0120336482127099
2023-04-30,1.36674,1.419852,1.351548,1.371707,1.371707,327616504.0,0.3634195238304245,0.0036341952383042
2023-05-01,1.371161,1.383208,1.298977,1.31891,1.31891,356398972.0,-3.810712235835182,-0.0381071223583518
2023-05-02,1.318975,1.356153,1.31158,1.350401,1.350401,254784454.0,2.382607706741974,0.0238260770674197
2023-05-03,1.350013,1.359688,1.302911,1.344042,1.344042,336691117.0,-0.4422920371877863,-0.0044229203718778
2023-05-04,1.34397,1.360331,1.313068,1.317679,1.317679,283495042.0,-1.956219260846601,-0.019562192608466
2023-05-05,1.317551,1.361784,1.304827,1.357065,1.357065,350364919.0,2.999048993169908,0.029990489931699
2023-05-06,1.35717,1.364895,1.226402,1.243541,1.243541,470538106.0,-8.372495707980576,-0.0837249570798057
2023-05-07,1.243294,1.258806,1.226467,1.226693,1.226693,237878549.0,-1.3352433133273278,-0.0133524331332732
2023-05-08,1.226823,1.228053,1.058118,1.092929,1.092929,603038520.0,,-0.1091388081247253
2023-05-09,1.093191,1.111882,1.08238,1.103319,1.103319,300098145.0,0.9264620729588804,0.0092646207295888
2023-05-10,1.103249,1.195619,1.101782,1.173501,1.173501,667566187.0,6.36773747358937,0.0636773747358937
2023-05-11,1.173319,1.173319,1.064394,1.092019,1.092019,397695624.0,-6.929061917517736,-0.0692906191751773
2023-05-12,1.091876,1.172463,1.069224,1.171849,1.171849,472491168.0,7.324366503156021,0.0732436650315602
2023-05-13,1.171871,1.1872,1.147852,1.170841,1.170841,256825622.0,-0.0878936333436091,-0.000878936333436
2023-05-14,1.170902,1.201176,1.149407,1.173244,1.173244,224712311.0,0.2000167392317925,0.0020001673923179
2023-05-15,1.17325,1.225836,1.154861,1.193273,1.193273,319983620.0,1.7066268911144364,0.0170662689111443
2023-05-16,1.193365,1.206251,1.168089,1.179161,1.179161,251756631.0,-1.190247744822423,-0.0119024774482242
2023-05-17,1.179146,1.208115,1.140098,1.199596,1.199596,277650193.0,1.7343060146919955,0.0173430601469199
2023-05-18,1.199404,1.208645,1.144811,1.156481,1.156481,233804274.0,-3.578694084728734,-0.0357869408472873
2023-05-19,1.156668,1.16958,1.146538,1.1632,1.1632,156591216.0,0.5647255738033716,0.0056472557380337
2023-05-20,1.163192,1.167717,1.154095,1.163021,1.163021,87251959.0,-0.0147009264162684,-0.0001470092641626
2023-05-21,1.163081,1.169456,1.121293,1.127568,1.127568,124693908.0,-3.053355699216145,-0.0305335569921614
2023-05-22,1.12757,1.13591,1.112543,1.125706,1.125706,120836586.0,-0.1653112445346954,-0.0016531124453469
2023-05-23,1.125681,1.17635,1.12161,1.167015,1.167015,178954830.0,3.671910603448045,0.0367191060344804
2023-05-24,1.166983,1.167076,1.091243,1.110244,1.110244,219343773.0,-4.862024553913818,-0.0486202455391381
2023-05-25,1.110219,1.112475,1.076199,1.10694,1.10694,180827907.0,-0.2953471342140633,-0.0029534713421406
2023-05-26,1.106948,1.176268,1.105661,1.160797,1.160797,267095332.0,4.864636821241832,0.0486463682124183
2023-05-27,1.160786,1.175966,1.15534,1.173282,1.173282,142464608.0,1.0765119496616808,0.0107651194966168
2023-05-28,1.173282,1.251829,1.168098,1.248001,1.248001,289924680.0,6.36837520732441,0.0636837520732441
2023-05-29,1.247865,1.270767,1.216061,1.227368,1.227368,317621279.0,-1.6425655018772054,-0.016425655018772
2023-05-30,1.227109,1.242692,1.216247,1.222213,1.222213,248649066.0,-0.3989865610960405,-0.0039898656109604
2023-05-31,1.22215,1.232307,1.145546,1.16183,1.16183,247936474.0,-4.935564374258491,-0.0493556437425849
2023-06-01,1.161767,1.165889,1.136263,1.146976,1.146976,145876831.0,-1.2731468530264674,-0.0127314685302646
2023-06-02,1.146954,1.250707,1.140847,1.240055,1.240055,353786293.0,8.117239226682141,0.0811723922668214
2023-06-03,1.240441,1.251509,1.210033,1.21546,1.21546,180023449.0,-2.0138805473214707,-0.0201388054732147
2023-06-04,1.215517,1.231852,1.205777,1.210882,1.210882,119644832.0,-0.3813192246591322,-0.0038131922465913
2023-06-05,1.210825,1.210825,1.090185,1.137949,1.137949,429584068.0,-6.018706254000366,-0.0601870625400036
2023-06-06,1.137638,1.195381,1.115303,1.18659,1.18659,365234570.0,4.302950499192196,0.0430295049919219
2023-06-07,1.186679,1.191819,1.122013,1.126181,1.126181,255381449.0,-5.098093081616844,-0.0509809308161684
2023-06-08,1.126183,1.146207,1.111925,1.129984,1.129984,167168010.0,0.3375117543063752,0.0033751175430637
2023-06-09,1.129993,1.149804,1.121239,1.130772,1.130772,137259316.0,0.0689384801498845,0.0006893848014988
2023-06-10,1.130814,1.132118,0.94875,0.992724,0.992724,663028529.0,,-0.122115573383421
2023-06-11,0.992823,1.014324,0.980672,0.99197,0.99197,209665450.0,-0.0859166236076312,-0.0008591662360763
2023-06-12,0.991861,0.995392,0.96083,0.977959,0.977959,254007222.0,-1.401607684947787,-0.0140160768494778
2023-06-13,0.978029,1.027176,0.971753,0.990712,0.990712,279215711.0,1.2967918129217026,0.012967918129217
2023-06-14,0.990712,1.00536,0.928507,0.941251,0.941251,217709083.0,-4.992470061935263,-0.0499247006193526
2023-06-15,0.941269,0.955883,0.91416,0.948928,0.948928,197852936.0,0.8136887542243473,0.0081368875422434
2023-06-16,0.949011,0.981392,0.929668,0.974714,0.974714,167171529.0,2.7083985327883364,0.0270839853278833
2023-06-17,0.974753,1.007949,0.968876,0.993588,0.993588,147979478.0,1.9322843838387824,0.0193228438383878
2023-06-18,0.993521,1.02094,0.985381,0.994107,0.994107,149362004.0,0.0589821453195227,0.0005898214531952
2023-06-19,0.994107,1.013206,0.988559,1.006471,1.006471,129810534.0,1.2437292967457156,0.0124372929674571
2023-06-20,1.006539,1.085157,0.987579,1.084218,1.084218,256933759.0,7.717435688035916,0.0771743568803591
2023-06-21,1.084203,1.146643,1.079144,1.141447,1.141447,367108635.0,5.279823058965901,0.052798230589659
2023-06-22,1.14152,1.171982,1.088598,1.090761,1.090761,296619698.0,-4.446615039596328,-0.0444661503959632
2023-06-23,1.090681,1.153641,1.090431,1.134183,1.134183,271055238.0,3.988517265818322,0.0398851726581832
2023-06-24,1.134469,1.134939,1.066,1.079045,1.079045,190405943.0,-4.885457425456307,-0.048854574254563
2023-06-25,1.078969,1.132486,1.076161,1.111711,1.111711,213130908.0,3.034563550945377,0.0303456355094537
2023-06-26,1.111835,1.167933,1.088052,1.141131,1.141131,397627005.0,2.6349233474391425,0.0263492334743914
2023-06-27,1.141204,1.238645,1.14031,1.205929,1.205929,415619558.0,5.671641529472375,0.0567164152947237
2023-06-28,1.206036,1.206151,1.120375,1.124178,1.124178,323465535.0,-6.787359581306047,-0.0678735958130604
2023-06-29,1.123851,1.163448,1.122898,1.13017,1.13017,224523425.0,0.5622631469830043,0.00562263146983
2023-06-30,1.13008,1.191821,1.103051,1.159967,1.159967,490360354.0,2.6446800226532634,0.0264468002265326
2023-07-01,1.160496,1.165742,1.139354,1.150358,1.150358,163206608.0,-0.8735919813596927,-0.0087359198135969
2023-07-02,1.150222,1.158815,1.128136,1.150734,1.150734,156842326.0,0.0445131461578587,0.0004451314615785
2023-07-03,1.150747,1.181047,1.150515,1.16673,1.16673,194372751.0,1.388923890307781,0.0138892389030778
2023-07-04,1.166853,1.191983,1.149399,1.149399,1.149399,179135518.0,-1.4958182393154802,-0.0149581823931548
2023-07-05,1.149537,1.154553,1.099269,1.11121,1.11121,161507719.0,-3.334124956395488,-0.0333412495639548
2023-07-06,1.111195,1.140536,1.076563,1.076563,1.076563,196827758.0,-3.1166446933256537,-0.0311664469332565
2023-07-07,1.076117,1.130249,1.065239,1.130249,1.130249,199389668.0,5.030308042712834,0.0503030804271283
2023-07-08,1.130425,1.144317,1.11402,1.125679,1.125679,121619325.0,-0.4198420947873513,-0.0041984209478735
2023-07-09,1.125633,1.139266,1.123089,1.124519,1.124519,119691730.0,-0.0989665370507136,-0.0009896653705071
2023-07-10,1.124594,1.140451,1.103093,1.121469,1.121469,143539208.0,-0.2778780608824202,-0.0027787806088242
2023-07-11,1.121541,1.131999,1.114038,1.125316,1.125316,101536264.0,0.3365904590202305,0.0033659045902023
2023-07-12,1.125288,1.137508,1.114724,1.121609,1.121609,134063909.0,-0.3269385259595754,-0.0032693852595957
2023-07-13,1.12147,1.240615,1.113914,1.224127,1.224127,311705247.0,,0.0915378922307328
2023-07-14,1.223971,1.315974,1.174913,1.210707,1.210707,612558009.0,-1.0836858062813532,-0.0108368580628135
2023-07-15,1.210592,1.31934,1.20761,1.267297,1.267297,413887167.0,4.684071925140758,0.0468407192514075
2023-07-16,1.267845,1.303038,1.249882,1.271382,1.271382,266897560.0,0.2789773197827732,0.0027897731978277
2023-07-17,1.271421,1.341993,1.259428,1.301912,1.301912,447631087.0,2.398182820639273,0.0239818282063927
2023-07-18,1.30217,1.325215,1.236043,1.243601,1.243601,342604521.0,-4.497799826443559,-0.0449779982644355
2023-07-19,1.243834,1.290691,1.237216,1.268049,1.268049,267922366.0,1.946803190779467,0.0194680319077946
2023-07-20,1.268214,1.279342,1.246884,1.260662,1.260662,246023485.0,-0.5954830967013457,-0.0059548309670134
2023-07-21,1.260646,1.29278,1.236834,1.236834,1.236834,191886111.0,-1.888872847730445,-0.0188887284773044
2023-07-22,1.236738,1.250204,1.221625,1.225481,1.225481,96648124.0,-0.910217038693713,-0.0091021703869371
2023-07-23,1.225616,1.265517,1.222123,1.251085,1.251085,128102960.0,2.0780570749729086,0.020780570749729
2023-07-24,1.250978,1.25268,1.175247,1.186963,1.186963,181943126.0,-5.117196305610485,-0.0511719630561048
2023-07-25,1.186974,1.192644,1.162622,1.168684,1.168684,111603845.0,-1.5408930608421008,-0.015408930608421
2023-07-26,1.168746,1.201837,1.155771,1.196796,1.196796,146716848.0,2.400008213931847,0.0240000821393184
2023-07-27,1.197023,1.205347,1.17119,1.172584,1.172584,96392470.0,-2.0416483225468416,-0.0204164832254684
2023-07-28,1.172464,1.178723,1.159687,1.174678,1.174678,82858105.0,0.1888330899712196,0.0018883308997121
2023-07-29,1.174557,1.182935,1.172794,1.182112,1.182112,44348102.0,0.6432212314940848,0.0064322123149408
2023-07-30,1.18222,1.18673,1.149616,1.158091,1.158091,93701638.0,-2.0409906785539125,-0.0204099067855391
2023-07-31,1.15808,1.188885,1.155307,1.168583,1.168583,129244324.0,0.9069321635810936,0.0090693216358109
2023-08-01,1.168566,1.173647,1.130698,1.159874,1.159874,137359443.0,-0.7438176363166412,-0.0074381763631664
2023-08-02,1.160212,1.172159,1.12908,1.132469,1.132469,131956944.0,-2.391200918452841,-0.0239120091845284
2023-08-03,1.132609,1.147604,1.122216,1.129214,1.129214,117271482.0,-0.2997503992993201,-0.0029975039929932
2023-08-04,1.129112,1.163173,1.128821,1.155376,1.155376,125705719.0,2.3260757125953906,0.0232607571259539
2023-08-05,1.155446,1.156286,1.135713,1.137045,1.137045,112218385.0,-1.592545216306075,-0.0159254521630607
2023-08-06,1.137042,1.145123,1.130722,1.136595,1.136595,112459443.0,-0.0393125319909102,-0.0003931253199091
2023-08-07,1.136565,1.150871,1.11532,1.133564,1.133564,161142923.0,-0.2640412118972546,-0.0026404121189725
2023-08-08,1.133532,1.170987,1.131839,1.160318,1.160318,168101649.0,2.363056358356004,0.02363056358356
2023-08-09,1.160327,1.190084,1.160165,1.175755,1.175755,219304591.0,1.329625183245757,0.0132962518324575
2023-08-10,1.175611,1.186353,1.156887,1.159391,1.159391,158111490.0,-1.3797080837113551,-0.0137970808371135
2023-08-11,1.159441,1.162752,1.152383,1.157558,1.157558,112438249.0,-0.1624058490255094,-0.001624058490255
2023-08-12,1.157558,1.16588,1.15529,1.163032,1.163032,96733828.0,0.4728920710668475,0.0047289207106684
2023-08-13,1.163011,1.166332,1.143693,1.144448,1.144448,110272036.0,-1.5961155999384449,-0.0159611559993844
2023-08-14,1.144412,1.150763,1.135766,1.141307,1.141307,118177345.0,-0.2713183713557629,-0.0027131837135576
2023-08-15,1.14131,1.160928,1.126286,1.130025,1.130025,166884757.0,-0.9887760555852476,-0.0098877605558524
2023-08-16,1.129978,1.132842,1.03532,1.047458,1.047458,232190438.0,-7.302797045606193,-0.0730279704560619
2023-08-17,1.047527,1.061701,0.949333,0.985236,0.985236,313553571.0,-5.946481570403445,-0.0594648157040344
2023-08-18,0.985446,1.022207,0.982816,1.006668,1.006668,197687076.0,2.1535426598717584,0.0215354265987175
2023-08-19,1.00674,1.03066,1.00591,1.019926,1.019926,121176317.0,1.3097721358046903,0.0130977213580469
2023-08-20,1.02008,1.038804,1.0179,1.030578,1.030578,136090110.0,1.0291349698062795,0.0102913496980627
2023-08-21,1.030376,1.032556,0.985505,0.996996,0.996996,153690386.0,-3.239594089924452,-0.0323959408992445
2023-08-22,0.996577,1.002819,0.948112,0.979331,0.979331,177989266.0,-1.7305235822219551,-0.0173052358222195
2023-08-23,0.979634,1.024151,0.978469,1.008116,1.008116,157630019.0,2.907412360126333,0.0290741236012633
2023-08-24,1.008203,1.012822,0.968538,0.980151,0.980151,134163436.0,-2.7823761682915014,-0.027823761682915
2023-08-25,0.980139,0.980151,0.934801,0.948019,0.948019,152807294.0,-3.277086209200944,-0.0327708620920094
2023-08-26,0.947961,0.952543,0.939494,0.95043,0.95043,97285594.0,0.2604537528442566,0.0026045375284425
2023-08-27,0.950379,0.963356,0.946928,0.957762,0.957762,100872714.0,0.776847973282241,0.0077684797328224
2023-08-28,0.957763,0.95874,0.928192,0.948604,0.948604,111595935.0,-0.9562908569238974,-0.0095629085692389
2023-08-29,0.948607,0.992091,0.93499,0.971076,0.971076,173707695.0,2.368631055853485,0.0236863105585348
2023-08-30,0.97118,0.971749,0.940901,0.943204,0.943204,136151117.0,-2.880619452624642,-0.0288061945262464
2023-08-31,0.943176,0.956603,0.908194,0.9154,0.9154,165199345.0,-2.94494346760308,-0.0294494346760307
2023-09-01,0.915458,0.927169,0.876193,0.884391,0.884391,147509809.0,-3.393601891075282,-0.0339360189107528
2023-09-02,0.884398,0.893244,0.878406,0.888125,0.888125,97566692.0,0.4214166020275979,0.0042141660202759
2023-09-03,0.888129,0.907297,0.881754,0.904689,0.904689,92334329.0,1.8645939947912995,0.0186459399479129
2023-09-04,0.904653,0.923998,0.88638,0.896038,0.896038,109162886.0,-0.9522988372337282,-0.0095229883723372
2023-09-05,0.895976,0.909662,0.884987,0.90097,0.90097,90298807.0,0.557381001276826,0.0055738100127682
2023-09-06,0.900942,0.908581,0.883928,0.901081,0.901081,102174372.0,0.0154282961611291,0.0001542829616112
2023-09-07,0.901107,0.918819,0.897973,0.911849,0.911849,86022459.0,1.192089285734106,0.011920892857341
2023-09-08,0.912143,0.920753,0.895083,0.901914,0.901914,89731080.0,-1.1214250397141723,-0.0112142503971417
2023-09-09,0.901905,0.902462,0.896781,0.898617,0.898617,47225857.0,-0.3645616777820233,-0.0036456167778202
2023-09-10,0.898618,0.898652,0.83505,0.844123,0.844123,151290624.0,-6.064312088117539,-0.0606431208811753
2023-09-11,0.844171,0.846957,0.745341,0.76106,0.76106,277850332.0,,-0.0984528016243155
2023-09-12,0.761083,0.797248,0.755026,0.783346,0.783346,202448850.0,2.925173732694073,0.0292517373269407
2023-09-13,0.783448,0.813877,0.775695,0.786608,0.786608,170537058.0,0.4033452124454897,0.0040334521244548
2023-09-14,0.786507,0.815021,0.784573,0.804408,0.804408,128167828.0,2.2760128009032417,0.0227601280090324
2023-09-15,0.804359,0.812307,0.787135,0.808442,0.808442,105910572.0,0.5076091645645722,0.0050760916456457
2023-09-16,0.808246,0.832766,0.807702,0.827399,0.827399,107369273.0,2.369699324215644,0.0236969932421564
2023-09-17,0.827422,0.82765,0.787446,0.794633,0.794633,83942282.0,-3.962790450338516,-0.0396279045033851
2023-09-18,0.794581,0.838178,0.787336,0.824493,0.824493,136206067.0,3.7644997803874056,0.037644997803874
2023-09-19,0.82447,0.861019,0.820976,0.861019,0.861019,121863731.0,4.433029703931004,0.04433029703931
2023-09-20,0.861036,0.86765,0.838118,0.859259,0.859259,135346832.0,-0.2063792919227568,-0.0020637929192275
2023-09-21,0.859366,0.862547,0.813187,0.823162,0.823162,138166703.0,-4.212873211181268,-0.0421287321118126
2023-09-22,0.823143,0.845884,0.818618,0.840678,0.840678,86243558.0,2.130249543517965,0.0213024954351796
2023-09-23,0.840683,0.846974,0.819675,0.821602,0.821602,62344459.0,-2.2697021350497044,-0.022697021350497
2023-09-24,0.821617,0.830512,0.807836,0.808427,0.808427,64964487.0,-1.605370872316424,-0.0160537087231642
2023-09-25,0.808411,0.817772,0.80498,0.807114,0.807114,74837935.0,-0.1604381929488827,-0.0016043819294888
2023-09-26,0.807078,0.825026,0.806571,0.825026,0.825026,70330374.0,2.223824710870582,0.0222382471087058
2023-09-27,0.82505,0.842512,0.813906,0.817577,0.817577,74294195.0,-0.905763287073505,-0.009057632870735
2023-09-28,0.817572,0.89797,0.816912,0.891084,0.891084,143991046.0,8.991501665908325,0.0899150166590832
2023-09-29,0.891121,0.911786,0.884226,0.903379,0.903379,159827291.0,1.375570769850558,0.0137557076985055
2023-09-30,0.903277,0.922334,0.894105,0.908573,0.908573,106737146.0,0.5863096259508398,0.0058630962595083
2023-10-01,0.908465,0.979039,0.908235,0.969764,0.969764,168648925.0,6.747535678314518,0.0674753567831451
2023-10-02,0.969771,0.984307,0.921357,0.931308,0.931308,205131751.0,-3.9661940808706406,-0.0396619408087064
2023-10-03,0.931327,0.942462,0.903453,0.906178,0.906178,156735492.0,-2.700340481914513,-0.0270034048191451
2023-10-04,0.906171,0.906661,0.869702,0.884617,0.884617,163616706.0,-2.378579760332207,-0.023785797603322
2023-10-05,0.884605,0.890283,0.855508,0.858155,0.858155,119742906.0,-2.990035100412045,-0.0299003510041204
2023-10-06,0.858046,0.894691,0.858003,0.889886,0.889886,117360720.0,3.710756765954271,0.0371075676595427
2023-10-07,0.889933,0.894424,0.86892,0.869327,0.869327,83279703.0,-2.315455208425804,-0.023154552084258
2023-10-08,0.869381,0.874669,0.843352,0.848114,0.848114,89419328.0,-2.4462232323917736,-0.0244622323239177
2023-10-09,0.848111,0.855582,0.796429,0.819323,0.819323,134268750.0,-3.394367010921911,-0.0339436701092191
2023-10-10,0.819282,0.828385,0.813988,0.823538,0.823538,81311198.0,0.5194792513444745,0.0051947925134447
2023-10-11,0.82348,0.82611,0.802431,0.815043,0.815043,94492016.0,-1.0245543304026847,-0.0102455433040268
2023-10-12,0.815076,0.825391,0.791527,0.803473,0.803473,122235508.0,-1.423548233538962,-0.0142354823353896
2023-10-13,0.803443,0.816973,0.799304,0.807434,0.807434,111557280.0,0.4967371674157304,0.0049673716741573
2023-10-14,0.807402,0.812367,0.803365,0.804041,0.804041,53711325.0,-0.4162734300881032,-0.004162734300881
2023-10-15,0.80403,0.810217,0.799702,0.803764,0.803764,63259156.0,-0.033083342661342,-0.0003308334266134
2023-10-16,0.803824,0.839537,0.803824,0.820846,0.820846,163515819.0,2.117627739405638,0.0211762773940563
2023-10-17,0.820789,0.8212,0.784634,0.785698,0.785698,115186567.0,-4.275276593619064,-0.0427527659361906
2023-10-18,0.785714,0.796641,0.778106,0.782953,0.782953,92114511.0,-0.3514001277818663,-0.0035140012778186
2023-10-19,0.782926,0.784498,0.767081,0.768822,0.768822,97241645.0,-1.8014473909411624,-0.0180144739094116
2023-10-20,0.768996,0.809167,0.768092,0.800306,0.800306,150277290.0,4.071542634812138,0.0407154263481213
2023-10-21,0.800326,0.838636,0.796914,0.83296,0.83296,133519782.0,4.077588382734042,0.0407758838273404
2023-10-22,0.832977,0.850683,0.823635,0.849666,0.849666,152164257.0,2.003536712298186,0.0200353671229818
2023-10-23,0.854091,0.881581,0.832467,0.880827,0.880827,273687241.0,3.13034559549275,0.0313034559549275
2023-10-24,0.881016,0.940768,0.872637,0.898616,0.898616,375287082.0,1.997693571966905,0.019976935719669
2023-10-25,0.898774,0.922542,0.876678,0.921654,0.921654,262456288.0,2.545690017735272,0.0254569001773527
2023-10-26,0.921663,0.993074,0.918861,0.93776,0.93776,444133706.0,1.74651689391893,0.0174651689391893
2023-10-27,0.937838,0.937871,0.891019,0.915757,0.915757,224286244.0,-2.3544578061456147,-0.0235445780614561
2023-10-28,0.915722,0.931527,0.914727,0.919512,0.919512,127987635.0,0.4138810687086211,0.0041388106870862
2023-10-29,0.91951,0.953442,0.908906,0.94682,0.94682,165837508.0,2.9700601407271203,0.0297006014072712
2023-10-30,0.946881,0.966062,0.928381,0.965688,0.965688,229179093.0,1.98620523592722,0.0198620523592721
2023-10-31,0.965691,0.980941,0.922154,0.944853,0.944853,301236020.0,-2.1578330956796647,-0.0215783309567966
2023-11-01,0.944801,1.037117,0.928458,1.036896,1.036896,449140294.0,,0.0974755530529709
2023-11-02,1.037029,1.039898,0.962202,0.990903,0.990903,379490924.0,-4.447898756929652,-0.0444789875692965
2023-11-03,0.99091,1.073299,0.940786,1.062667,1.062667,469037428.0,7.241525466490405,0.072415254664904
2023-11-04,1.062445,1.112715,1.050357,1.096254,1.096254,351651163.0,3.1821882544508164,0.0318218825445081
2023-11-05,1.096774,1.11043,1.066771,1.093311,1.093311,319369630.0,-0.3157441733666183,-0.0031574417336661
2023-11-06,1.093141,1.135857,1.070595,1.123435,1.123435,363841109.0,2.771280191667868,0.0277128019166786
2023-11-07,1.123452,1.123557,1.052072,1.084653,1.084653,373619969.0,-3.4535520876726205,-0.0345355208767262
2023-11-08,1.084543,1.09637,1.065468,1.095163,1.095163,330532469.0,0.9792142865704792,0.0097921428657047
2023-11-09,1.094583,1.213645,1.068353,1.20661,1.20661,789029710.0,,0.102346738438291
2023-11-10,1.206927,1.21516,1.133689,1.176136,1.176136,515474209.0,-2.5511899228370902,-0.0255118992283709
2023-11-11,1.175537,1.179366,1.123365,1.137662,1.137662,435216657.0,-3.221931763951292,-0.0322193176395129
2023-11-12,1.137737,1.168162,1.103851,1.154507,1.154507,408036651.0,1.473978608413012,0.0147397860841301
2023-11-13,1.154827,1.191805,1.122118,1.122118,1.122118,543896736.0,-2.832372294724673,-0.0283237229472467
2023-11-14,1.121283,1.121283,1.047597,1.076874,1.076874,401928906.0,-3.960552331570168,-0.0396055233157016
2023-11-15,1.076955,1.148465,1.07579,1.143616,1.143616,335704517.0,6.1897665176353565,0.0618976651763535
2023-11-16,1.143522,1.177445,1.073576,1.078942,1.078942,526181678.0,-5.647464587476224,-0.0564746458747622
2023-11-17,1.079052,1.102231,1.007208,1.041675,1.041675,403690344.0,-3.4638738448193407,-0.0346387384481934
2023-11-18,1.042399,1.042872,0.991094,1.032098,1.032098,264079765.0,-0.9882012549897032,-0.009882012549897
2023-11-19,1.032166,1.049193,1.014745,1.049008,1.049008,259884903.0,1.6317142785172176,0.0163171427851721
2023-11-20,1.048642,1.071697,1.029704,1.029786,1.029786,297141800.0,-1.7981351118875637,-0.0179813511188756
2023-11-21,1.029878,1.048889,0.958016,0.95853,0.95853,358346090.0,-6.927810866918224,-0.0692781086691822
2023-11-22,0.957859,1.033599,0.95471,1.020009,1.020009,271471632.0,6.488428881495077,0.0648842888149507
2023-11-23,1.019959,1.043775,1.009946,1.016955,1.016955,184612693.0,-0.2945216425366124,-0.0029452164253661
2023-11-24,1.016961,1.074508,1.015949,1.049265,1.049265,253667800.0,3.176522993507114,0.0317652299350711
2023-11-25,1.0493,1.079479,1.04727,1.066707,1.066707,174608395.0,1.65891546745451,0.0165891546745451
2023-11-26,1.066694,1.070829,1.019196,1.037774,1.037774,190089762.0,-2.7111805259990263,-0.0271118052599902
2023-11-27,1.037733,1.041308,0.994901,1.016863,1.016863,209508675.0,-2.011114612332839,-0.0201111461233283
2023-11-28,1.016793,1.030019,0.990464,1.017481,1.017481,192160654.0,0.0676637230980171,0.0006766372309801
2023-11-29,1.017473,1.029057,0.998454,1.008075,1.008075,183095307.0,-0.9236608735563516,-0.0092366087355635
2023-11-30,1.00817,1.016261,1.00076,1.006898,1.006898,145968727.0,-0.1261691976551514,-0.0012616919765515
2023-12-01,1.006921,1.045954,1.002986,1.033678,1.033678,231518841.0,2.6573087660303187,0.0265730876603031
2023-12-02,1.033577,1.115198,1.032712,1.110309,1.110309,292810286.0,7.423926809516855,0.0742392680951685
2023-12-03,1.110393,1.122081,1.08656,1.100425,1.100425,242626178.0,-0.8977001836286771,-0.0089770018362867
2023-12-04,1.100273,1.144965,1.069588,1.090264,1.090264,534353041.0,-0.9096833240477732,-0.0090968332404777
2023-12-05,1.090432,1.104187,1.053088,1.093228,1.093228,389267656.0,0.2564121375748346,0.0025641213757483
2023-12-06,1.092776,1.109412,1.058112,1.058763,1.058763,355499870.0,-3.1125317539916755,-0.0311253175399167
2023-12-07,1.059001,1.189684,1.04437,1.169862,1.169862,757716151.0,,0.1046845092686408
2023-12-08,1.170084,1.193236,1.151128,1.166365,1.166365,464781791.0,-0.3178404285504123,-0.0031784042855041
2023-12-09,1.166364,1.236416,1.137233,1.141096,1.141096,608207131.0,-2.166390595045787,-0.0216639059504578
2023-12-10,1.140999,1.163028,1.127387,1.154262,1.154262,290711349.0,1.162402421036285,0.0116240242103628
2023-12-11,1.15446,1.160008,1.064193,1.095807,1.095807,623310538.0,-5.080557143599611,-0.0508055714359961
2023-12-12,1.095688,1.25211,1.094782,1.25211,1.25211,801221521.0,,0.1427614430385292
2023-12-13,1.25145,1.25145,1.117383,1.184731,1.184731,725762126.0,-5.33133565064525,-0.0533133565064525
2023-12-14,1.184669,1.201433,1.146268,1.183027,1.183027,422628576.0,-0.1386041164240747,-0.0013860411642407
2023-12-15,1.183038,1.183305,1.101443,1.101443,1.101443,277885087.0,-6.897073466786366,-0.0689707346678636
2023-12-16,1.101489,1.149326,1.087755,1.122605,1.122605,273564145.0,1.9170413867047364,0.0191704138670473
2023-12-17,1.122788,1.13335,1.095109,1.10666,1.10666,241078501.0,-1.4364243294370729,-0.0143642432943707
2023-12-18,1.106775,1.11317,1.04075,1.100505,1.100505,323084766.0,-0.5665108084298974,-0.0056651080842989
2023-12-19,1.100519,1.118631,1.067999,1.074415,1.074415,287532065.0,-2.3719717696832245,-0.0237197176968322
2023-12-20,1.074409,1.130109,1.072209,1.103957,1.103957,322698862.0,2.7501631129300046,0.0275016311293
2023-12-21,1.104149,1.158046,1.097655,1.155898,1.155898,375171498.0,4.68677687522246,0.0468677687522246
2023-12-22,1.155891,1.437464,1.146965,1.426276,1.426276,1604350073.0,,0.2339191152106903
2023-12-23,1.425802,1.445953,1.319522,1.393881,1.393881,838269933.0,-2.238810157371086,-0.0223881015737108
2023-12-24,1.394014,1.456692,1.349409,1.357267,1.357267,785935800.0,-2.636056739745805,-0.026360567397458
2023-12-25,1.357231,1.395973,1.343813,1.391841,1.391841,547546354.0,2.5500449076096867,0.0255004490760968
2023-12-26,1.392001,1.401967,1.266876,1.325164,1.325164,570560992.0,-4.801505171332495,-0.0480150517133249
2023-12-27,1.325271,1.534467,1.2777,1.502941,1.502941,1068456602.0,,0.1340631463300713
2023-12-28,1.503261,1.659668,1.473774,1.474216,1.474216,1199815769.0,-1.9321328764599088,-0.019321328764599
2023-12-29,1.47455,1.542296,1.431227,1.50497,1.50497,795016713.0,2.063002271879549,0.0206300227187954
2023-12-30,1.504809,1.526138,1.437583,1.485652,1.485652,453790745.0,-1.273051928849448,-0.0127305192884944
2023-12-31,1.485168,1.656025,1.484421,1.555206,1.555206,779301092.0,4.71583012830872,0.0471583012830871
2024-01-01,1.5558,1.739124,1.521384,1.735156,1.735156,736600434.0,,0.1152821699447228
2024-01-02,1.735242,1.831346,1.713637,1.771561,1.771561,1105169921.0,2.093022183649312,0.0209302218364931
2024-01-03,1.771604,2.056409,1.697607,1.91045,1.91045,3384321119.0,7.837304499199598,0.0783730449919959
2024-01-04,1.910842,2.109279,1.828241,2.012168,2.012168,1702736214.0,5.302688553004384,0.0530268855300438
2024-01-05,2.011141,2.014924,1.841318,1.940247,1.940247,1233240696.0,-3.5250636330321843,-0.0352506363303218
2024-01-06,1.943021,1.955206,1.710584,1.7485,1.7485,905497127.0,,-0.1001126596161339
2024-01-07,1.748726,1.878391,1.702964,1.720042,1.720042,885488819.0,-1.64027983800778,-0.0164027983800778
2024-01-08,1.720225,1.854725,1.58615,1.821335,1.821335,1292571252.0,5.87771948436978,0.0587771948436978
2024-01-09,1.82174,1.842693,1.631267,1.835979,1.835979,1139512594.0,0.7816153787038828,0.0078161537870388
2024-01-10,1.836128,2.262986,1.836128,2.219241,2.219241,2537370985.0,,0.2086526647379702
2024-01-11,2.221366,2.378784,2.147006,2.26502,2.26502,1878577481.0,1.9651871866229893,0.0196518718662298
2024-01-12,2.263995,2.397492,2.120999,2.202677,2.202677,1688443813.0,-2.708398207593214,-0.0270839820759321
2024-01-13,2.202057,2.210905,2.086256,2.17747,2.17747,756777254.0,-1.116546937704152,-0.0111654693770415
2024-01-14,2.177123,2.190642,2.024652,2.029216,2.029216,558634462.0,-6.793690572374644,-0.0679369057237464
2024-01-15,2.029389,2.168918,2.029389,2.110622,2.110622,623415309.0,4.002830408561399,0.0400283040856139
2024-01-16,2.109994,2.196871,2.051086,2.152533,2.152533,706597837.0,2.0160720836173045,0.020160720836173
2024-01-17,2.15262,2.160759,2.002976,2.03641,2.03641,511452364.0,-5.398537596045755,-0.0539853759604575
2024-01-18,2.036465,2.037254,1.850189,1.887128,1.887128,675335831.0,-7.333148372302016,-0.0733314837230201
2024-01-19,1.887276,1.899677,1.73283,1.852359,1.852359,666810427.0,-1.8501268494910053,-0.01850126849491
2024-01-20,1.852668,1.853185,1.761976,1.809268,1.809268,373380028.0,-2.342567583614543,-0.0234256758361454
2024-01-21,1.810334,1.899464,1.786195,1.813036,1.813036,422013128.0,0.1492542260157507,0.0014925422601575
2024-01-22,1.813745,1.829855,1.660916,1.685536,1.685536,712443401.0,-7.0687445037753385,-0.0706874450377533
2024-01-23,1.685558,1.732746,1.551565,1.689279,1.689279,794548297.0,0.2207577549986464,0.0022075775499864
2024-01-24,1.689417,1.739877,1.634954,1.734775,1.734775,584286562.0,2.684831512882848,0.0268483151288284
2024-01-25,1.735221,1.767924,1.642709,1.730611,1.730611,453293450.0,-0.265672211205374,-0.0026567221120537
2024-01-26,1.730439,1.819031,1.714114,1.819031,1.819031,528364632.0,5.11962571347502,0.0511962571347502
2024-01-27,1.818372,1.836098,1.775684,1.796207,1.796207,281784516.0,-1.218947498091699,-0.0121894749809169
2024-01-28,1.796247,1.895272,1.787175,1.797342,1.797342,440319850.0,0.0609604358420678,0.0006096043584206
2024-01-29,1.797557,1.857666,1.775366,1.852567,1.852567,411260439.0,3.060264570191655,0.0306026457019165
2024-01-30,1.852668,1.966655,1.839035,1.884824,1.884824,633791769.0,1.7356590603389317,0.0173565906033893
2024-01-31,1.885099,1.887215,1.748628,1.7638,1.7638,525213898.0,-6.434622266522874,-0.0643462226652287
2024-02-01,1.763747,1.786016,1.69398,1.784496,1.784496,398059587.0,1.1764158918484413,0.0117641589184844
2024-02-02,1.784509,1.813721,1.760033,1.791368,1.791368,297072923.0,0.3843634299406823,0.0038436342994068
2024-02-03,1.791339,1.834958,1.765007,1.765378,1.765378,212251636.0,-1.4492510909437086,-0.014492510909437
2024-02-04,1.765302,1.774409,1.726444,1.731763,1.731763,205221746.0,-1.8999015465908944,-0.0189990154659089
2024-02-05,1.731823,1.784624,1.705823,1.733229,1.733229,248781369.0,0.0811861258338766,0.0008118612583387
2024-02-06,1.733197,1.871273,1.728937,1.830087,1.830087,504975096.0,5.590247386765608,0.055902473867656
2024-02-07,1.830078,1.929141,1.81219,1.897009,1.897009,458608037.0,3.657275810102075,0.0365727581010207
2024-02-08,1.897081,1.925338,1.86336,1.864409,1.864409,368536199.0,-1.7222248285655717,-0.0172222482856557
2024-02-09,1.864376,1.997615,1.863867,1.981112,1.981112,451987280.0,6.261397915441947,0.0626139791544194
2024-02-10,1.981216,2.017276,1.941267,1.96137,1.96137,245943076.0,-1.0017080419298063,-0.010017080419298
2024-02-11,1.961402,2.005652,1.935371,1.940504,1.940504,238023304.0,-1.065462358047972,-0.0106546235804797
2024-02-12,1.940792,2.079818,1.916294,2.078019,2.078019,465921130.0,7.070670118178546,0.0707067011817854
2024-02-13,2.077689,2.104978,1.996149,2.046922,2.046922,431225127.0,-1.4808279776232145,-0.0148082797762321
2024-02-14,2.046856,2.122514,2.016152,2.113552,2.113552,398908298.0,3.258460780826784,0.0325846078082678
2024-02-15,2.113317,2.169823,2.043957,2.07208,2.07208,494067916.0,-1.951292683492337,-0.0195129268349233
2024-02-16,2.072206,2.093615,1.980174,2.012969,2.012969,364954780.0,-2.858644362577852,-0.0285864436257785
2024-02-17,2.012919,2.018499,1.912902,1.969316,1.969316,235277515.0,-2.1661577043090183,-0.0216615770430901
2024-02-18,1.969348,2.048801,1.94709,2.03534,2.03534,276993691.0,3.350956763355184,0.0335095676335518
2024-02-19,2.035567,2.097009,2.019432,2.053933,2.053933,395746408.0,0.9022547526070076,0.00902254752607
2024-02-20,2.05395,2.074549,1.91085,2.010829,2.010829,666450000.0,-2.099418194211142,-0.0209941819421114
2024-02-21,2.010674,2.015836,1.811618,1.877688,1.877688,511962215.0,-6.614001076256014,-0.0661400107625601
2024-02-22,1.877626,1.894951,1.79221,1.807322,1.807322,442368773.0,-3.74430264600085,-0.0374430264600085
2024-02-23,1.806978,1.825516,1.743323,1.800605,1.800605,393790046.0,-0.3526883005769833,-0.0035268830057698
2024-02-24,1.800636,1.849603,1.754305,1.844976,1.844976,274142282.0,2.4624632629804166,0.0246246326298041
2024-02-25,1.844927,1.901205,1.832295,1.901205,1.901205,300313076.0,3.050418797058098,0.0305041879705809
2024-02-26,1.901366,1.953689,1.811004,1.930121,1.930121,439095078.0,1.5123337642516006,0.015123337642516
2024-02-27,1.930138,1.9541,1.87648,1.895423,1.895423,456140083.0,-1.7985760603645868,-0.0179857606036458
2024-02-28,1.895475,1.976357,1.819043,1.902629,1.902629,789288374.0,0.3774251836610813,0.0037742518366108
2024-02-29,1.902536,2.067885,1.888107,1.945142,1.945142,1052525091.0,2.239432000235471,0.0223943200023547
2024-03-01,1.944653,2.011271,1.943706,1.989562,1.989562,496174284.0,2.3093580191427514,0.0230935801914275
2024-03-02,1.989625,2.024734,1.960202,2.024734,2.024734,554293629.0,1.7646038826412045,0.017646038826412
2024-03-03,2.025063,2.191799,1.999352,2.046296,2.046296,1142361298.0,1.0485105895470934,0.0104851058954709
2024-03-04,2.045871,2.069039,1.926999,1.982979,1.982979,813833802.0,-3.074094114438298,-0.0307409411443829
2024-03-05,1.983254,2.17183,1.826945,1.969782,1.969782,2120320570.0,-0.6792876757087166,-0.0067928767570871
2024-03-06,1.969779,2.141971,1.926976,2.052874,2.052874,1042968084.0,4.218493546737992,0.0421849354673799
2024-03-07,2.052874,2.186,2.021405,2.167783,2.167783,873516997.0,5.597469693707452,0.0559746969370745
2024-03-08,2.167762,2.276319,2.108739,2.139361,2.139361,1030337086.0,-1.3101530518571742,-0.0131015305185717
2024-03-09,2.139361,2.166837,2.084038,2.09906,2.09906,514955855.0,-1.8837867942810924,-0.0188378679428109
2024-03-10,2.099062,2.128248,2.009167,2.068196,2.068196,614574685.0,-1.4704663321045337,-0.0147046633210453
2024-03-11,2.068202,2.140946,1.992196,2.082959,2.082959,831217688.0,0.7135183120410825,0.0071351831204108
2024-03-12,2.082959,2.096739,1.932373,2.01747,2.01747,762310480.0,-3.144036920553881,-0.0314403692055388
2024-03-13,2.01747,2.252912,2.017438,2.117834,2.117834,1261830951.0,4.974745597208402,0.049747455972084
2024-03-14,2.117834,2.117834,1.94156,2.014833,2.014833,954399402.0,-4.863506771541128,-0.0486350677154112
2024-03-15,2.014833,2.031258,1.810243,1.885445,1.885445,941997889.0,-6.421772921130428,-0.0642177292113042
2024-03-16,1.885433,1.953263,1.719726,1.759017,1.759017,1037970776.0,-6.704878932319519,-0.0670487893231951
2024-03-17,1.759017,1.771286,1.624031,1.733432,1.733432,779446750.0,-1.4545055562282778,-0.0145450555622827
2024-03-18,1.734155,1.736294,1.600323,1.621517,1.621517,890503800.0,-6.495267147400307,-0.064952671474003
2024-03-19,1.621517,1.672444,1.449332,1.627867,1.627867,1397626318.0,0.391608598614745,0.0039160859861474
2024-03-20,1.627867,1.764658,1.554495,1.746828,1.746828,1227861377.0,7.307783744003663,0.0730778374400366
2024-03-21,1.746828,1.794298,1.677133,1.683713,1.683713,802239593.0,-3.613120467498805,-0.036131204674988
2024-03-22,1.683716,1.693603,1.567059,1.600382,1.600382,555738122.0,-4.94940952037042,-0.0494940952037042
2024-03-23,1.600393,1.635496,1.584936,1.597991,1.597991,356923516.0,-0.1500881346019393,-0.0015008813460193
2024-03-24,1.598011,1.67403,1.589574,1.671061,1.671061,391189030.0,4.571307706893121,0.0457130770689312
2024-03-25,1.671055,1.748534,1.649686,1.723979,1.723979,547873309.0,3.1671010230064223,0.0316710102300642
2024-03-26,1.723979,1.752013,1.666658,1.701468,1.701468,526173757.0,-1.3057583648060649,-0.0130575836480606
2024-03-27,1.701468,1.739502,1.62915,1.655158,1.655158,550502880.0,-2.721767320925229,-0.0272176732092522
2024-03-28,1.655158,1.695123,1.628965,1.666726,1.666726,374335941.0,0.6989060863071697,0.0069890608630716
2024-03-29,1.666726,1.667794,1.616218,1.645996,1.645996,299111291.0,-1.2437557222962812,-0.0124375572229628
2024-03-30,1.645996,1.67711,1.634255,1.642339,1.642339,256397865.0,-0.2221755095395141,-0.0022217550953951
2024-03-31,1.642319,1.68874,1.634262,1.663377,1.663377,225496709.0,1.2822113121750416,0.0128221131217504
2024-04-01,1.663362,1.663362,1.53466,1.569315,1.569315,422532101.0,-5.654030812294617,-0.0565403081229461
2024-04-02,1.569315,1.569324,1.433792,1.448602,1.448602,572323170.0,-7.692082214214486,-0.0769208221421448
2024-04-03,1.448603,1.502148,1.403427,1.479194,1.479194,374705017.0,2.1117587082174905,0.0211175870821749
2024-04-04,1.47918,1.509046,1.438424,1.459447,1.459447,320741288.0,-1.3340499465920308,-0.0133404994659203
2024-04-05,1.45942,1.461949,1.389193,1.434671,1.434671,313976571.0,-1.6958106645105528,-0.0169581066451055
2024-04-06,1.434671,1.500378,1.428706,1.488967,1.488967,196076697.0,3.7845610596436328,0.0378456105964363
2024-04-07,1.488967,1.530925,1.482781,1.53032,1.53032,201161348.0,2.777294594171662,0.0277729459417166
2024-04-08,1.53032,1.577291,1.493802,1.571005,1.571005,339975821.0,2.658594280934712,0.0265859428093471
2024-04-09,1.570816,1.588707,1.476893,1.483637,1.483637,449258429.0,-5.549918004400254,-0.0554991800440025
2024-04-10,1.48363,1.496319,1.420093,1.466346,1.466346,320187260.0,-1.1649804870486629,-0.0116498048704866
2024-04-11,1.466346,1.481205,1.412277,1.419142,1.419142,231721719.0,-3.2191583705346507,-0.0321915837053465
2024-04-12,1.419145,1.441293,1.04761,1.174909,1.174909,849422935.0,,-0.1721008071761519
2024-04-13,1.174921,1.185897,0.898646,1.033445,1.033445,993983550.0,,-0.1204132022493428
2024-04-14,1.03342,1.189182,1.004299,1.180753,1.180753,809736757.0,,0.1425683652338835
2024-04-15,1.180753,1.26584,1.124182,1.153054,1.153054,619076216.0,-2.345875894450399,-0.0234587589445039
2024-04-16,1.153055,1.170267,1.098629,1.154449,1.154449,425897075.0,0.1208962278469038,0.001208962278469
2024-04-17,1.154447,1.169354,1.082921,1.105919,1.105919,308928784.0,-4.203571060429791,-0.0420357106042979
2024-04-18,1.105929,1.164854,1.082984,1.139129,1.139129,275011082.0,3.0020010326160285,0.0300200103261602
2024-04-19,1.139129,1.164129,1.04633,1.12269,1.12269,372532494.0,-1.443120138281098,-0.0144312013828109
2024-04-20,1.122686,1.221277,1.109589,1.215005,1.215005,217385884.0,8.223047227809005,0.08223047227809
2024-04-21,1.215005,1.229245,1.174349,1.188955,1.188955,195862310.0,-2.1440240986662533,-0.0214402409866625
2024-04-22,1.18895,1.238193,1.185025,1.209325,1.209325,228798711.0,1.7136969595020843,0.0171369695950208
2024-04-23,1.209325,1.219693,1.170166,1.178001,1.178001,209740953.0,-2.590205279804842,-0.0259020527980484
2024-04-24,1.178,1.201892,1.10161,1.115976,1.115976,321807336.0,-5.265195246179955,-0.0526519524617995
2024-04-25,1.116004,1.122487,1.067725,1.090794,1.090794,260280425.0,-2.258952476872839,-0.0225895247687283
2024-04-26,1.090794,1.092548,1.056007,1.065067,1.065067,218901586.0,-2.358557161113836,-0.0235855716111383
2024-04-27,1.065067,1.125835,1.021934,1.124088,1.124088,340669189.0,5.54152931224045,0.0554152931224045
2024-04-28,1.124088,1.168904,1.097888,1.10087,1.10087,312533332.0,-2.065496651507708,-0.020654966515077
2024-04-29,1.10087,1.109574,1.036217,1.058395,1.058395,289705686.0,-3.85831206227802,-0.0385831206227802
2024-04-30,1.058397,1.068319,0.97459,1.022194,1.022194,394490469.0,-3.420550133834467,-0.0342055013383446
2024-05-01,1.022194,1.053244,0.97463,1.030708,1.030708,495077511.0,0.8329143000252311,0.0083291430002523
2024-05-02,1.030688,1.040166,0.99806,1.029786,1.029786,304501218.0,-0.0875143593405529,-0.0008751435934055
2024-05-03,1.029791,1.077137,1.017742,1.065985,1.065985,298151775.0,3.514693758248039,0.0351469375824803
2024-05-04,1.065985,1.084962,1.059949,1.06232,1.06232,210017419.0,-0.3438134682945847,-0.0034381346829458
2024-05-05,1.062314,1.094242,1.036494,1.071509,1.071509,230922233.0,0.8655632891969856,0.0086556328919698
2024-05-06,1.071498,1.12936,1.058161,1.061039,1.061039,376439746.0,-0.9761100814000582,-0.0097611008140005
2024-05-07,1.061039,1.075803,1.026948,1.027012,1.027012,272014534.0,-3.206950922633384,-0.0320695092263338
2024-05-08,1.027014,1.044551,1.009021,1.027639,1.027639,299076596.0,0.0608560350686432,0.0006085603506864
2024-05-09,1.027639,1.045555,1.001683,1.041155,1.041155,238597485.0,1.3152478642791958,0.0131524786427919
2024-05-10,1.04118,1.053518,0.985808,0.995435,0.995435,298051995.0,-4.39357267715477,-0.0439357267715477
2024-05-11,0.995435,1.011501,0.987236,0.999943,0.999943,173108416.0,0.4528673394043878,0.0045286733940438
2024-05-12,0.999942,1.011026,0.989068,0.997343,0.997343,114813690.0,-0.2599150750743561,-0.0025991507507435
2024-05-13,0.997343,1.002976,0.953482,0.981365,0.981365,274430858.0,-1.6020566645577237,-0.0160205666455772
2024-05-14,0.981364,0.987396,0.932782,0.934909,0.934909,341966673.0,-4.7337175604566735,-0.0473371756045667
2024-05-15,0.934906,0.997165,0.926134,0.995345,0.995345,347131905.0,6.46471409959932,0.0646471409959932
2024-05-16,0.99538,0.998658,0.953825,0.971634,0.971634,310304137.0,-2.3856215716610785,-0.0238562157166107
2024-05-17,0.971634,1.07137,0.968088,1.032725,1.032725,451760932.0,6.287449801056766,0.0628744980105676
2024-05-18,1.032727,1.033715,1.006019,1.018248,1.018248,261575072.0,-1.4020162153211748,-0.0140201621532117
2024-05-19,1.018248,1.028148,0.967589,0.972233,0.972233,242293946.0,-4.519036619762575,-0.0451903661976257
2024-05-20,0.972233,1.127116,0.951132,1.12478,1.12478,752281971.0,,0.1569037463241834
2024-05-21,1.124819,1.229411,1.123137,1.20352,1.20352,1209775871.0,6.996770147019202,0.069967701470192
2024-05-22,1.203459,1.210737,1.111391,1.141894,1.141894,700018933.0,-5.115670745742073,-0.0511567074574207
2024-05-23,1.141894,1.254397,1.139197,1.200819,1.200819,1584631195.0,5.160286331305718,0.0516028633130571
2024-05-24,1.20082,1.231243,1.125515,1.157542,1.157542,628692600.0,-3.604037241218495,-0.0360403724121849
2024-05-25,1.157543,1.208728,1.150837,1.191638,1.191638,456138167.0,2.945462933126457,0.0294546293312645
2024-05-26,1.191639,1.229028,1.179076,1.193762,1.193762,617366925.0,0.1781579824091102,0.0017815798240911
2024-05-27,1.193764,1.27212,1.193279,1.231156,1.231156,701227055.0,3.132277401563447,0.0313227740156344
2024-05-28,1.231157,1.231157,1.171529,1.19982,1.19982,537284571.0,-2.545329312183576,-0.0254532931218357
2024-05-29,1.19982,1.205378,1.139952,1.140136,1.140136,385585550.0,-4.97441282859096,-0.0497441282859096
2024-05-30,1.140147,1.15576,1.10778,1.129385,1.129385,337904069.0,-0.943913372573882,-0.0094391337257388
2024-05-31,1.128011,1.164172,1.110795,1.120008,1.120008,308981842.0,-0.7094788969256686,-0.0070947889692566
2024-06-01,1.120007,1.137799,1.115363,1.132854,1.132854,149282002.0,1.1470464023885611,0.0114704640238856
2024-06-02,1.132855,1.14204,1.094914,1.112046,1.112046,231237406.0,-1.83686349974179,-0.0183686349974179
2024-06-03,1.112046,1.138497,1.102031,1.105057,1.105057,261433296.0,-0.6284811959217634,-0.0062848119592176
2024-06-04,1.105057,1.11519,1.071757,1.107812,1.107812,307026170.0,0.2493084067156774,0.0024930840671567
2024-06-05,1.107812,1.135997,1.102948,1.122947,1.122947,280932612.0,1.3662065404599244,0.0136620654045992
2024-06-06,1.12295,1.123754,1.077755,1.088713,1.088713,226273579.0,-3.0488445612003967,-0.0304884456120039
2024-06-07,1.088705,1.102665,0.923908,0.998952,0.998952,513959182.0,-8.244014677988993,-0.0824401467798899
2024-06-08,0.998821,1.006705,0.954284,0.967728,0.967728,294623174.0,-3.112970191856191,-0.0311297019185619
2024-06-09,0.967729,0.987398,0.958086,0.979326,0.979326,277300562.0,1.1983726849148966,0.0119837268491489
2024-06-10,0.979341,0.980067,0.949023,0.959278,0.959278,311809407.0,-2.0486224920635463,-0.0204862249206354
2024-06-11,0.959304,0.962695,0.915431,0.937723,0.937723,428288445.0,-2.249651830910751,-0.0224965183091075
2024-06-12,0.937729,0.997542,0.91578,0.972923,0.972923,307584911.0,3.7531099070200393,0.0375310990702003
2024-06-13,0.972919,0.972919,0.923972,0.936652,0.936652,260393589.0,-3.7276484476097127,-0.0372764844760971
2024-06-14,0.936616,0.952233,0.883198,0.912164,0.912164,256474623.0,-2.6106750258377,-0.026106750258377
2024-06-15,0.912144,0.937145,0.912094,0.921659,0.921659,139075519.0,1.0431466961357037,0.010431466961357
2024-06-16,0.921663,0.934281,0.901422,0.923675,0.923675,129668990.0,0.2183010492989317,0.0021830104929893
2024-06-17,0.923674,0.928739,0.846415,0.858712,0.858712,258986764.0,-7.0330008206358485,-0.0703300082063584
2024-06-18,0.858581,0.860323,0.75237,0.795244,0.795244,434683856.0,-7.3769393918570385,-0.0737693939185703
2024-06-19,0.795205,0.833718,0.78819,0.812209,0.812209,233180885.0,2.1383165347300266,0.0213831653473002
2024-06-20,0.812209,0.846925,0.800655,0.800927,0.800927,233003450.0,-1.389051340233858,-0.0138905134023385
2024-06-21,0.800919,0.808209,0.783914,0.80098,0.80098,223405761.0,0.0076162508318541,7.616250831854125e-05
2024-06-22,0.801005,0.809611,0.792755,0.80452,0.80452,107189509.0,0.4388237276920926,0.0043882372769209
2024-06-23,0.804471,0.814357,0.780876,0.783076,0.783076,124882340.0,-2.65951165424236,-0.0265951165424235
2024-06-24,0.783112,0.818927,0.755691,0.818927,0.818927,308872036.0,4.573419893961519,0.0457341989396151
2024-06-25,0.819056,0.84487,0.811385,0.830007,0.830007,198099923.0,1.3370270164677438,0.0133702701646774
2024-06-26,0.829954,0.83794,0.797608,0.81138,0.81138,171358374.0,-2.237955356561928,-0.0223795535656192
2024-06-27,0.811272,0.833406,0.801825,0.821834,0.821834,170989906.0,1.3019061424528346,0.0130190614245283
2024-06-28,0.821842,0.832105,0.790162,0.790224,0.790224,179714417.0,-3.847211507808061,-0.0384721150780806
2024-06-29,0.790105,0.801201,0.777491,0.778008,0.778008,103033702.0,-1.5310623271590376,-0.0153106232715903
2024-06-30,0.778016,0.802978,0.769671,0.80094,0.80094,121634904.0,2.946468967219176,0.0294646896721917
2024-07-01,0.800905,0.816135,0.778,0.780056,0.780056,148894055.0,-2.603180152452538,-0.0260318015245253
2024-07-02,0.779948,0.784185,0.772223,0.781835,0.781835,130079541.0,0.2419392062034869,0.0024193920620348
2024-07-03,0.781888,0.787799,0.752341,0.764169,0.764169,231403944.0,-2.2661813456658804,-0.0226618134566588
2024-07-04,0.764083,0.76677,0.675009,0.678186,0.678186,376761672.0,,-0.1124184152768743
2024-07-05,0.67811,0.678638,0.578853,0.622538,0.622538,481675910.0,-8.195130583533638,-0.0819513058353363
2024-07-06,0.622545,0.696965,0.615372,0.69463,0.69463,192061763.0,,0.1157908263659654
2024-07-07,0.694467,0.697384,0.650213,0.650632,0.650632,206910743.0,-6.312034985103677,-0.0631203498510367
2024-07-08,0.650695,0.686063,0.607499,0.667313,0.667313,344575850.0,2.553884692521077,0.0255388469252107
2024-07-09,0.667306,0.713516,0.662628,0.709446,0.709446,209928322.0,6.314943968733995,0.0631494396873399
2024-07-10,0.709628,0.729382,0.696516,0.714148,0.714148,200276011.0,0.6369534460308737,0.0063695344603087
2024-07-11,0.714111,0.732958,0.691622,0.693782,0.693782,185541046.0,-2.846756316595045,-0.0284675631659504
2024-07-12,0.693751,0.706762,0.680927,0.699441,0.699441,143576972.0,0.8201789979401791,0.0082017899794017
2024-07-13,0.699423,0.707781,0.690747,0.700574,0.700574,135679912.0,0.1645642193636773,0.0016456421936367
2024-07-14,0.700588,0.725598,0.694533,0.721411,0.721411,142516107.0,2.972217622911045,0.0297221762291104
2024-07-15,0.721473,0.777126,0.719794,0.77452,0.77452,234544560.0,7.352596701470457,0.0735259670147045
2024-07-16,0.774316,0.776848,0.72578,0.751843,0.751843,267185451.0,-2.902303452337284,-0.0290230345233728
2024-07-17,0.751935,0.777848,0.744059,0.74762,0.74762,262497791.0,-0.5738527931270746,-0.0057385279312707
2024-07-18,0.747697,0.768159,0.730704,0.747708,0.747708,210695789.0,0.0014711841829102,1.4711841829102257e-05
2024-07-19,0.747636,0.776969,0.728232,0.775127,0.775127,191886958.0,3.6770567495412254,0.0367705674954122
2024-07-20,0.775144,0.79464,0.767002,0.779661,0.779661,176180028.0,0.5827304346031179,0.0058273043460311
2024-07-21,0.779658,0.806608,0.757748,0.802952,0.802952,220102427.0,2.987720256830564,0.0298772025683056
2024-07-22,0.802939,0.8079,0.75689,0.760207,0.760207,193939219.0,-5.321948491728511,-0.0532194849172851
2024-07-23,0.760207,0.825231,0.756201,0.799061,0.799061,575190637.0,5.110976352493473,0.0511097635249347
2024-07-24,0.799061,0.799063,0.736981,0.739985,0.739985,225421702.0,-7.393177742375115,-0.0739317774237511
2024-07-25,0.73998,0.740736,0.673795,0.698564,0.698564,309398265.0,-5.596908024541205,-0.055969080245412
2024-07-26,0.698533,0.731906,0.697819,0.727212,0.727212,179726943.0,4.105604173317511,0.0410560417331751
2024-07-27,0.727208,0.741587,0.710042,0.721571,0.721571,170167475.0,-0.775156488927515,-0.0077515648892751
2024-07-28,0.721569,0.724,0.706969,0.712822,0.712822,109952118.0,-1.212219482821471,-0.0121221948282147
2024-07-29,0.712793,0.734643,0.69884,0.704493,0.704493,184355950.0,-1.1644334329882553,-0.0116443343298825
2024-07-30,0.704477,0.709201,0.667787,0.677733,0.677733,147457823.0,-3.796291433219252,-0.0379629143321925
2024-07-31,0.677737,0.687241,0.654702,0.657626,0.657626,156321086.0,-2.967375250281449,-0.0296737525028144
2024-08-01,0.657637,0.661308,0.618478,0.654023,0.654023,226353934.0,-0.5495432890789305,-0.0054954328907893
2024-08-02,0.654023,0.654628,0.597406,0.603008,0.603008,211725695.0,-7.800184397184813,-0.0780018439718481
2024-08-03,0.603008,0.62638,0.587002,0.607471,0.607471,218280478.0,0.7401228507747816,0.0074012285077478
2024-08-04,0.60746,0.617615,0.556246,0.565279,0.565279,233083992.0,-6.943831692621741,-0.0694383169262174
2024-08-05,0.565279,0.567511,0.43166,0.482011,0.482011,770178303.0,,-0.1473042515288909
2024-08-06,0.482011,0.520809,0.481944,0.502315,0.502315,282704658.0,4.21235200026554,0.0421235200026554
2024-08-07,,,,,,,,
2024-08-08,0.484057,0.511288,0.480024,0.508612,0.508612,243721648.0,5.072749696833212,0.0507274969683321
