Date,Open,High,Low,Close,Volume,Dividends,Stock Splits,Daily Return %,Daily Return
2023-01-20,0.3849160075187683,0.3883750140666961,0.3849160075187683,0.3881100118160248,5697,0.0,0.0,0.829792535219708,0.008297925352197
2023-01-21,0.3881100118160248,0.4237819910049438,0.3874770104885101,0.4181070029735565,2922,0.0,0.0,,0.0772899184361963
2023-01-22,0.4180920124053955,0.4456590116024017,0.4143710136413574,0.4145050048828125,3194,0.0,0.0,-0.857946915069243,-0.0085794691506924
2023-01-23,0.4144409894943237,0.4471839964389801,0.4143030047416687,0.4469789862632751,776,0.0,0.0,,0.0785105662657845
2023-01-24,0.4470300078392029,0.4549410045146942,0.4257239997386932,0.4545849859714508,3156,0.0,0.0,1.690038252413126,0.0169003825241312
2023-01-25,0.4545620083808899,0.4572069942951202,0.4527539908885956,0.4542889893054962,1076,0.0,0.0,-0.0600620092220524,-0.0006006200922205
2023-01-26,0.4543099999427795,0.4584569931030273,0.4539630115032196,0.4579870104789734,1928,0.0,0.0,0.8093615673564359,0.0080936156735643
2023-01-27,0.4579760134220123,0.4593960046768188,0.4577020108699798,0.4592060148715973,48,0.0,0.0,0.2685733343094552,0.0026857333430945
2023-01-28,0.4591780006885528,0.459412008523941,0.4562369883060455,0.4564040005207062,1,0.0,0.0,-0.6041230554789031,-0.006041230554789
2023-01-29,0.4564040005207062,0.4783549904823303,0.4559029936790466,0.4781059920787811,8060,0.0,0.0,,0.0475499591005235
2023-01-30,0.4779860079288482,0.5230339765548706,0.4771000146865845,0.522907018661499,9172,0.0,0.0,,0.0939797608873472
2023-01-31,0.5227360129356384,0.5423309803009033,0.522454023361206,0.5382729768753052,478,0.0,0.0,,0.0297223905665357
2023-02-01,0.538195013999939,0.5394219756126404,0.5357890129089355,0.5383279919624329,54,0.0,0.0,0.0247081372058031,0.000247081372058
2023-02-02,0.5382239818572998,0.5391119718551636,0.5333880186080933,0.5338850021362305,79,0.0,0.0,-0.8061661812423172,-0.0080616618124231
2023-02-03,0.5339319705963135,0.5586050152778625,0.523410975933075,0.5501819849014282,1826,0.0,0.0,,0.0304346156439483
2023-02-04,0.5500919818878174,0.5575900077819824,0.5492979884147644,0.5570690035820007,12,0.0,0.0,1.268337282474007,0.01268337282474
2023-02-05,0.5572109818458557,0.5578550100326538,0.5465070009231567,0.5468140244483948,219,0.0,0.0,,-0.0186589240632323
2023-02-06,0.5467889904975891,0.5564339756965637,0.543811023235321,0.544277012348175,716,0.0,0.0,-0.4594054000846124,-0.0045940540008461
2023-02-08,0.5441380143165588,0.5610299706459045,0.5441380143165588,0.5606420040130615,283,0.0,0.0,,0.0303305214160268
2023-02-11,0.5608670115470886,0.5608670115470886,0.5512120127677917,0.551226019859314,215,0.0,0.0,-1.7189443289205166,-0.0171894432892051
2023-02-12,0.5512409806251526,0.5518959760665894,0.5345860123634338,0.5354120135307312,268,0.0,0.0,,-0.0287151493643851
2023-02-13,0.5356079936027527,0.5572850108146667,0.5314670205116272,0.5569249987602234,457,0.0,0.0,,0.0397996396843938
2023-02-14,0.5569149851799011,0.561581015586853,0.5562310218811035,0.5612620115280151,28,0.0,0.0,0.7805547460192307,0.0078055474601923
2023-02-16,0.5612559914588928,0.5755869746208191,0.5612559914588928,0.5750809907913208,318,0.0,0.0,,0.0246322525599988
2023-02-17,0.5754309892654419,0.5932999849319458,0.5744019746780396,0.5868080258369446,356,0.0,0.0,1.9771331026203287,0.0197713310262032
2023-02-19,0.5870659947395325,0.590749979019165,0.5855270028114319,0.5858680009841919,217,0.0,0.0,-0.204064579804541,-0.0020406457980454
2023-02-22,0.5861139893531799,0.6222370266914368,0.5861139893531799,0.6217560172080994,732,0.0,0.0,,0.0608107441596011
2023-02-23,0.6218199729919434,0.6294270157814026,0.6125230193138123,0.6130380034446716,5346,0.0,0.0,-1.4123009759587624,-0.0141230097595876
2023-02-27,0.6131550073623657,0.6131550073623657,0.5898709893226624,0.5926979780197144,110,0.0,0.0,,-0.0333635526041811
2023-02-28,0.5927000045776367,0.6188290119171143,0.5579959750175476,0.5933610200881958,6525,0.0,0.0,0.1115261524302041,0.001115261524302
2023-03-01,0.5933240056037903,0.6269720196723938,0.5930100083351135,0.6208570003509521,1902,0.0,0.0,,0.0464046532537364
2023-03-02,0.6207690238952637,0.6341580152511597,0.5743510127067566,0.629476010799408,405113,0.0,0.0,1.4026129798662976,0.0140261297986629
2023-03-03,0.629518985748291,0.6391419768333435,0.629073977470398,0.6379380226135254,876198,0.0,0.0,1.3373761643148714,0.0133737616431487
2023-03-04,0.6379520297050476,0.6380029916763306,0.6157619953155518,0.6261150240898132,692399,0.0,0.0,,-0.0185546954380051
2023-03-05,0.6260470151901245,0.630623996257782,0.6206510066986084,0.6303390264511108,394429,0.0,0.0,0.6855733126820971,0.0068557331268209
2023-03-06,0.6303560137748718,0.6467880010604858,0.6302469968795776,0.6390230059623718,520110,0.0,0.0,1.3749360675720257,0.0137493606757202
2023-03-07,0.639070987701416,0.6480169892311096,0.633417010307312,0.6437489986419678,628293,0.0,0.0,0.7320017698467949,0.0073200176984679
2023-03-08,0.643750011920929,0.6527829766273499,0.6425049901008606,0.6513580083847046,659233,0.0,0.0,1.1818246715170728,0.0118182467151707
2023-03-09,0.6514480113983154,0.6514480113983154,0.6298840045928955,0.6358910202980042,598234,0.0,0.0,,-0.0238806333400552
2023-03-10,0.635886013507843,0.6547560095787048,0.6299170255661011,0.654528021812439,1207717,0.0,0.0,,0.0293165880497323
2023-03-11,0.6545140147209167,0.6695529818534851,0.6373040080070496,0.6525099873542786,873548,0.0,0.0,-0.3061855547115665,-0.0030618555471156
2023-03-12,0.6524059772491455,0.6636520028114319,0.6512029767036438,0.653331995010376,945556,0.0,0.0,0.1419388836894169,0.0014193888368941
2023-03-13,0.6533920168876648,0.6632040143013,0.6318070292472839,0.6581130027770996,1612007,0.0,0.0,0.7225349816672884,0.0072253498166728
2023-03-14,0.6580970287322998,0.666949987411499,0.6170219779014587,0.6351169943809509,2099073,0.0,0.0,,-0.0349189152177386
2023-03-15,0.6352819800376892,0.6630769968032837,0.6347290277481079,0.6461600065231323,1592719,0.0,0.0,1.7123146614040206,0.0171231466140402
2023-03-16,0.6461870074272156,0.6617299914360046,0.6351550221443176,0.6387580037117004,1123255,0.0,0.0,-1.149667763376056,-0.0114966776337605
2023-03-17,0.6390630006790161,0.6450089812278748,0.6385930180549622,0.6442149877548218,1644311,0.0,0.0,0.8061782751202281,0.0080617827512022
2023-03-18,0.6443259716033936,0.6684610247612,0.6443259716033936,0.6507269740104675,1055872,0.0,0.0,0.9934416256953288,0.0099344162569532
2023-03-19,0.65072101354599,0.671904981136322,0.65072101354599,0.6652719974517822,1011226,0.0,0.0,,0.0223613247503706
2023-03-20,0.6652680039405823,0.6851590275764465,0.6434829831123352,0.6694669723510742,1420976,0.0,0.0,0.6311694513519652,0.0063116945135196
2023-03-21,0.6695020198822021,0.6825720071792603,0.6621549725532532,0.676285982131958,1102327,0.0,0.0,1.0132848069598783,0.0101328480695987
2023-03-22,0.6762949824333191,0.6840069890022278,0.6524779796600342,0.6665869951248169,747397,0.0,0.0,-1.4354664104667345,-0.0143546641046673
2023-03-23,0.6665480136871338,0.6829270124435425,0.6620230078697205,0.673454999923706,386849,0.0,0.0,1.0362323635719792,0.0103623236357197
2023-03-24,0.6734809875488281,0.6744790077209473,0.6605539917945862,0.6607490181922913,270659,0.0,0.0,,-0.0189047197945046
2023-03-25,0.6607549786567688,0.6669960021972656,0.6588600277900696,0.6619439721107483,108484,0.0,0.0,0.1799446833373189,0.0017994468333731
2023-03-26,0.661948025226593,0.7098420262336731,0.6608440279960632,0.7068120241165161,388920,0.0,0.0,,0.0677757122616471
2023-03-27,0.7068210244178772,0.7115280032157898,0.6801300048828125,0.7099289894104004,1365190,0.0,0.0,0.4397103205981807,0.0043971032059818
2023-03-28,0.7099260091781616,0.7191600203514099,0.7048649787902832,0.7149159908294678,1314828,0.0,0.0,0.7028875667032896,0.0070288756670328
2023-03-29,0.7148900032043457,0.7200790047645569,0.7085989713668823,0.7136859893798828,1565377,0.0,0.0,-0.168419451813027,-0.0016841945181302
2023-03-30,0.7136939764022827,0.7196279764175415,0.7056769728660583,0.7119200229644775,2048884,0.0,0.0,-0.2485593961080686,-0.0024855939610806
2023-03-31,0.7119309902191162,0.7151010036468506,0.705420970916748,0.7122759819030762,1734195,0.0,0.0,0.0484585849892249,0.0004845858498922
2023-04-01,0.7122640013694763,0.7143489718437195,0.7059450149536133,0.710099995136261,730539,0.0,0.0,-0.303820806478297,-0.0030382080647829
2023-04-02,0.7110180258750916,0.7308650016784668,0.706853985786438,0.729341983795166,1266096,0.0,0.0,,0.0257714393352012
2023-04-03,0.7293310165405273,0.7296630144119263,0.7095940113067627,0.7188069820404053,2033011,0.0,0.0,-1.4429709228658965,-0.0144297092286589
2023-04-04,0.7187979817390442,0.7288740277290344,0.7170979976654053,0.7222300171852112,1129328,0.0,0.0,0.4774687093393891,0.0047746870933938
2023-04-05,0.7222189903259277,0.7509959936141968,0.7221800088882446,0.7385470271110535,2786562,0.0,0.0,,0.0226081521032244
2023-04-06,0.7385470271110535,0.7395510077476501,0.7289959788322449,0.7347699999809265,1122294,0.0,0.0,-0.5114132196701688,-0.0051141321967016
2023-04-07,0.7347699999809265,0.7360259890556335,0.7268080115318298,0.7277460098266602,552774,0.0,0.0,-0.955944057929514,-0.0095594405792951
2023-04-08,0.7277460098266602,0.7325860261917114,0.7268940210342407,0.7281849980354309,377300,0.0,0.0,0.0603216235943792,0.0006032162359437
2023-04-09,0.7281849980354309,0.7373039722442627,0.7235569953918457,0.7346130013465881,786116,0.0,0.0,0.8827431667089168,0.0088274316670891
2023-04-10,0.7346130013465881,0.748848021030426,0.7318639755249023,0.7481510043144226,1840067,0.0,0.0,1.8428754926768969,0.0184287549267689
2023-04-11,0.7481510043144226,0.7492750287055969,0.7392659783363342,0.7437660098075867,1462385,0.0,0.0,-0.5861108895862782,-0.0058611088958627
2023-04-12,0.7437660098075867,0.7463499903678894,0.7328330278396606,0.7391539812088013,1303431,0.0,0.0,-0.620091337594002,-0.00620091337594
2023-04-13,0.734499990940094,0.7484580278396606,0.7343829870223999,0.7453280091285706,1459439,0.0,0.0,1.4742026306382483,0.0147420263063824
2023-04-14,0.7453280091285706,0.7493690252304077,0.7289869785308838,0.7378230094909668,1889759,0.0,0.0,-1.0069391658014468,-0.0100693916580144
2023-04-15,0.7378230094909668,0.7391560077667236,0.7327380180358887,0.7343479990959167,626613,0.0,0.0,-0.4709815701529153,-0.0047098157015291
2023-04-16,0.7343479990959167,0.7393509745597839,0.7318480014801025,0.7334830164909363,649199,0.0,0.0,-0.1177891961366247,-0.0011778919613662
2023-04-17,0.7334830164909363,0.733942985534668,0.7216190099716187,0.7253109812736511,1321869,0.0,0.0,-1.1141410276111197,-0.0111414102761111
2023-04-18,0.7253109812736511,0.8055959939956665,0.7225790023803711,0.8055959939956665,2596271,0.0,0.0,,0.1106904690468553
2023-04-19,0.8055959939956665,0.81324702501297,0.7984930276870728,0.8070250153541565,5388089,0.0,0.0,0.1773868501259798,0.0017738685012597
2023-04-20,0.8070250153541565,0.8144509792327881,0.8028150200843811,0.80765300989151,4984582,0.0,0.0,0.0778159939785664,0.0007781599397856
2023-04-21,0.80765300989151,0.812978982925415,0.8031269907951355,0.805732011795044,4716833,0.0,0.0,-0.2378494319886342,-0.0023784943198863
2023-04-22,0.805732011795044,0.8184729814529419,0.8034639954566956,0.8181449770927429,2662014,0.0,0.0,1.540582366839918,0.0154058236683991
2023-04-23,0.8181449770927429,0.8181899785995483,0.8090029954910278,0.8126270174980164,1982426,0.0,0.0,-0.674447652827313,-0.0067444765282731
2023-04-24,0.8126270174980164,0.8186209797859192,0.8036540150642395,0.8151959776878357,1382300,0.0,0.0,0.3161302952649623,0.0031613029526496
2023-04-25,0.8151959776878357,0.8195340037345886,0.8092880249023438,0.8183500170707703,1244556,0.0,0.0,0.3869056606339576,0.0038690566063395
2023-04-26,0.8183500170707703,0.8194950222969055,0.8024380207061768,0.8115770220756531,3035548,0.0,0.0,-0.8276403560619054,-0.008276403560619
2023-04-27,0.8115770220756531,0.8198360204696655,0.8059710264205933,0.8100860118865967,2451125,0.0,0.0,-0.1837176445980513,-0.0018371764459805
2023-04-28,0.8100860118865967,0.8144450187683105,0.803659975528717,0.8125879764556885,1329779,0.0,0.0,0.3088517185064103,0.0030885171850641
2023-04-29,0.8125879764556885,0.8148080110549927,0.808758020401001,0.809889018535614,493008,0.0,0.0,-0.332143472248588,-0.0033214347224858
2023-04-30,0.809889018535614,0.8191850185394287,0.8042969703674316,0.8065950274467468,1001591,0.0,0.0,-0.4067212931005234,-0.0040672129310052
2023-05-01,0.8065950274467468,0.8128089904785156,0.8022059798240662,0.8121079802513123,1583309,0.0,0.0,0.683484600942374,0.0068348460094237
2023-05-02,0.8121079802513123,0.8190850019454956,0.8080499768257141,0.8148059844970703,1258970,0.0,0.0,0.3322223535992272,0.0033222235359922
2023-05-03,0.8148059844970703,0.8191739916801453,0.803633987903595,0.8141829967498779,1615759,0.0,0.0,-0.0764584157511944,-0.0007645841575119
2023-05-04,0.8141829967498779,0.8187069892883301,0.8041020035743713,0.8070679903030396,898895,0.0,0.0,-0.8738829569323656,-0.0087388295693236
2023-05-05,0.8070679903030396,0.8187739849090576,0.8056139945983887,0.8164799809455872,1368448,0.0,0.0,1.1661955071484835,0.0116619550714848
2023-05-06,0.8164799809455872,0.818481981754303,0.8044160008430481,0.8150960206985474,1085720,0.0,0.0,-0.1695032676045521,-0.0016950326760455
2023-05-07,0.8150960206985474,0.8196250200271606,0.807636022567749,0.807636022567749,700993,0.0,0.0,-0.9152293645606354,-0.0091522936456063
2023-05-08,0.807636022567749,0.8131269812583923,0.8034650087356567,0.8121770024299622,1160702,0.0,0.0,0.5622557359162632,0.0056225573591626
2023-05-09,0.8121770024299622,0.8146589994430542,0.8065729737281799,0.8109480142593384,922380,0.0,0.0,-0.1513202377002494,-0.0015132023770024
2023-05-10,0.8109480142593384,0.8201500177383423,0.8069490194320679,0.8112589716911316,3198286,0.0,0.0,0.0383449279516664,0.0003834492795166
2023-05-11,0.8112589716911316,0.81147700548172,0.8047919869422913,0.8095059990882874,1349673,0.0,0.0,-0.2160805197864292,-0.0021608051978642
2023-05-12,0.8095059990882874,0.8270350098609924,0.8072590231895447,0.8245720267295837,1473107,0.0,0.0,1.8611384793027628,0.0186113847930276
2023-05-13,0.8245720267295837,0.8268880248069763,0.8211119771003723,0.8217120170593262,434126,0.0,0.0,-0.3468477679992291,-0.0034684776799922
2023-05-14,0.8217120170593262,0.8259660005569458,0.8186209797859192,0.8203949928283691,422639,0.0,0.0,-0.1602780784039506,-0.0016027807840395
2023-05-15,0.8203949928283691,0.8269839882850647,0.8164169788360596,0.8164169788360596,820589,0.0,0.0,-0.4848900867367667,-0.0048489008673676
2023-05-16,0.8164169788360596,0.8239089846611023,0.8161510229110718,0.8188409805297852,674093,0.0,0.0,0.2969073104262739,0.0029690731042627
2023-05-17,0.8188409805297852,0.8273900151252747,0.8157749772071838,0.8262860178947449,1532040,0.0,0.0,0.909216507476558,0.0090921650747655
2023-05-18,0.8262860178947449,0.8265140056610107,0.8157280087471008,0.8223729729652405,2253331,0.0,0.0,-0.4735702704342325,-0.0047357027043423
2023-05-19,0.8223729729652405,0.825206995010376,0.8194810152053833,0.8209189772605896,1238137,0.0,0.0,-0.1768048990482005,-0.001768048990482
2023-05-20,0.8209189772605896,0.8449620008468628,0.8200849890708923,0.8449620008468628,627141,0.0,0.0,,0.0292879373632034
2023-05-21,0.8449620008468628,0.8477669954299927,0.8432139754295349,0.8445820212364197,817820,0.0,0.0,-0.0449700235113864,-0.0004497002351138
2023-05-22,0.8445820212364197,0.8533310294151306,0.8423159718513489,0.8497480154037476,1178817,0.0,0.0,0.6116628151479191,0.0061166281514791
2023-05-23,0.8497480154037476,0.8588730096817017,0.8488759994506836,0.852940022945404,1776766,0.0,0.0,0.375641658914596,0.0037564165891459
2023-05-24,0.852940022945404,0.852944016456604,0.8429620265960693,0.8482229709625244,2124856,0.0,0.0,-0.5530344286800543,-0.0055303442868005
2023-05-25,0.8482229709625244,0.8565970063209534,0.8439750075340271,0.8552150130271912,1439985,0.0,0.0,0.8243165186545821,0.0082431651865458
2023-05-26,0.8552150130271912,0.858951985836029,0.8521040081977844,0.8539109826087952,1360661,0.0,0.0,-0.1524798323850911,-0.0015247983238509
2023-05-27,0.8539109826087952,0.8555660247802734,0.8520179986953735,0.8546079993247986,439846,0.0,0.0,0.0816263908298676,0.0008162639082986
2023-05-28,0.8546079993247986,0.8584529757499695,0.8522999882698059,0.8555070161819458,4937167,0.0,0.0,0.1051964009063224,0.0010519640090632
2023-05-29,0.8555070161819458,0.858519971370697,0.843163013458252,0.8477920293807983,1998258,0.0,0.0,-0.9018028672142028,-0.009018028672142
2023-05-30,0.8477920293807983,0.8537960052490234,0.8444290161132812,0.8465530276298523,1795553,0.0,0.0,-0.1461445387556868,-0.0014614453875568
2023-05-31,0.8465530276298523,0.8520969748497009,0.842752993106842,0.8513820171356201,2613334,0.0,0.0,0.570429653921131,0.0057042965392113
2023-06-01,0.8513820171356201,0.8535599708557129,0.8441330194473267,0.8468130230903625,2226525,0.0,0.0,-0.5366561606068965,-0.0053665616060689
2023-06-02,0.8468130230903625,0.8587290048599243,0.8445379734039307,0.8579369783401489,2077977,0.0,0.0,1.313625906364852,0.0131362590636485
2023-06-03,0.8579369783401489,0.8582710027694702,0.8503950238227844,0.8528299927711487,1017080,0.0,0.0,-0.5952634864720171,-0.0059526348647201
2023-06-04,0.8528299927711487,0.8579350113868713,0.8506259918212891,0.8507559895515442,1143492,0.0,0.0,-0.2431906988713326,-0.0024319069887133
2023-06-05,0.8507559895515442,0.8518530130386353,0.8423460125923157,0.8487679958343506,3179112,0.0,0.0,-0.2336737844468808,-0.0023367378444688
2023-06-06,0.8487679958343506,0.8586410284042358,0.8447390198707581,0.8560029864311218,3392514,0.0,0.0,0.8524108628364511,0.0085241086283645
2023-06-07,0.8560029864311218,0.8573049902915955,0.8428019881248474,0.8474050164222717,3089678,0.0,0.0,-1.004432244412728,-0.0100443224441272
2023-06-08,0.8474050164222717,0.8566640019416809,0.8457379937171936,0.8514140248298645,1616889,0.0,0.0,0.4730923619639086,0.004730923619639
2023-06-09,0.8514140248298645,0.8569939732551575,0.8486390113830566,0.8504779934883118,1384626,0.0,0.0,-0.1099384452516833,-0.0010993844525168
2023-06-10,0.8504779934883118,0.8564280271530151,0.8427299857139587,0.8538669943809509,2743571,0.0,0.0,0.3984819029518764,0.0039848190295187
2023-06-11,0.8538669943809509,0.8585450053215027,0.8498799800872803,0.8521940112113953,1427692,0.0,0.0,-0.1959301835725092,-0.001959301835725
2023-06-12,0.8521940112113953,0.8547049760818481,0.8478860259056091,0.8513609766960144,1424114,0.0,0.0,-0.0977517448399689,-0.0009775174483996
2023-06-13,0.8513609766960144,0.8577070236206055,0.842831015586853,0.8464879989624023,1991449,0.0,0.0,-0.5723750403175923,-0.0057237504031759
2023-06-14,0.8464879989624023,0.8493300080299377,0.8437659740447998,0.8488370180130005,1624804,0.0,0.0,0.2775017547180227,0.0027750175471802
2023-06-15,0.8488370180130005,0.8576539754867554,0.841962993144989,0.8543789982795715,1960718,0.0,0.0,0.6528909730567577,0.0065289097305675
2023-06-16,0.8543789982795715,0.8579760193824768,0.8499659895896912,0.8543930053710938,2326279,0.0,0.0,0.0016394470779855,1.6394470779855674e-05
2023-06-17,0.8543930053710938,0.8573240041732788,0.8496659994125366,0.8522710204124451,1550364,0.0,0.0,-0.2483616960004286,-0.0024836169600042
2023-06-18,0.8522710204124451,0.8553360104560852,0.848239004611969,0.8483060002326965,1292957,0.0,0.0,-0.465229966147355,-0.0046522996614735
2023-06-19,0.8483060002326965,0.8584830164909363,0.845196008682251,0.8523949980735779,2301266,0.0,0.0,0.482019205305598,0.0048201920530559
2023-06-20,0.8523949980735779,0.8588889837265015,0.8471360206604004,0.8574860095977783,4579821,0.0,0.0,0.5972596666693472,0.0059725966666934
2023-06-21,0.8574860095977783,0.8590800166130066,0.842736005783081,0.8483560085296631,7543763,0.0,0.0,-1.064740528232974,-0.0106474052823297
2023-06-22,0.8483560085296631,0.8581579923629761,0.8447229862213135,0.8503720164299011,4268571,0.0,0.0,0.2376370155887858,0.0023763701558878
2023-06-23,0.8503720164299011,0.8588200211524963,0.8430489897727966,0.8470330238342285,5121213,0.0,0.0,-0.3926508082533841,-0.0039265080825338
2023-06-24,0.8470330238342285,0.8530120253562927,0.8429480195045471,0.8492550253868103,2220072,0.0,0.0,0.2623276177029729,0.0026232761770297
2023-06-25,0.8492550253868103,0.858922004699707,0.8428320288658142,0.8464580178260803,2198159,0.0,0.0,-0.3293483673477265,-0.0032934836734772
2023-06-26,0.8464580178260803,0.8556569814682007,0.8432220220565796,0.8493580222129822,3198224,0.0,0.0,0.3426046331689084,0.003426046331689
2023-06-27,0.8493580222129822,0.8584160208702087,0.8470979928970337,0.8515959978103638,2819114,0.0,0.0,0.2634902525027784,0.0026349025250277
2023-06-28,0.8515959978103638,0.8529629707336426,0.8423969745635986,0.8474060297012329,2117381,0.0,0.0,-0.4920135979859191,-0.0049201359798591
2023-06-29,0.8474060297012329,0.8587380051612854,0.8470420241355896,0.8499370217323303,1931849,0.0,0.0,0.2986752444975822,0.0029867524449758
2023-06-30,0.8499370217323303,0.8585879802703857,0.8433740139007568,0.8532869815826416,3427611,0.0,0.0,0.3941421263758384,0.0039414212637583
2023-07-01,0.8532869815826416,0.8565620183944702,0.849632978439331,0.8555529713630676,911847,0.0,0.0,0.2655601022088911,0.0026556010220889
2023-07-02,0.8555529713630676,0.8581479787826538,0.851186990737915,0.854619026184082,1068777,0.0,0.0,-0.1091627532422257,-0.0010916275324222
2023-07-03,0.854619026184082,0.8587669730186462,0.84968501329422,0.8536170125007629,1799825,0.0,0.0,-0.1172468260849672,-0.0011724682608496
2023-07-04,0.8536170125007629,0.8587219715118408,0.8429759740829468,0.8471810221672058,1469209,0.0,0.0,-0.7539669710544079,-0.007539669710544
2023-07-05,0.8471810221672058,0.8512889742851257,0.8423799872398376,0.8495979905128479,1420452,0.0,0.0,0.285295383442272,0.0028529538344227
2023-07-06,0.8495979905128479,0.9043650031089784,0.8424839973449707,0.90207701921463,7699617,0.0,0.0,,0.061769247676897
2023-07-07,0.90207701921463,0.9097390174865724,0.9001349806785583,0.9051010012626648,4303602,0.0,0.0,0.3352243748175217,0.0033522437481752
2023-07-08,0.9051010012626648,0.9062439799308776,0.9007580280303956,0.905714988708496,741749,0.0,0.0,0.0678363458856682,0.0006783634588566
2023-07-09,0.905714988708496,0.9095410108566284,0.9010350108146667,0.9035620093345642,846051,0.0,0.0,-0.2377104719224989,-0.0023771047192249
2023-07-10,0.9035620093345642,0.9098989963531494,0.9002770185470581,0.9051219820976256,5175654,0.0,0.0,0.17264700672954,0.0017264700672954
2023-07-11,0.9051219820976256,0.9097560048103333,0.9012309908866882,0.9064319729804992,3502467,0.0,0.0,0.1447308659809171,0.0014473086598091
2023-07-12,0.9064319729804992,0.9100379943847656,0.900983989238739,0.904807984828949,2224190,0.0,0.0,-0.1791627171105007,-0.001791627171105
2023-07-13,0.904807984828949,0.9100949764251708,0.9018120169639589,0.9094120264053344,3787541,0.0,0.0,0.5088418375591333,0.0050884183755913
2023-07-14,0.9094120264053344,0.9100890159606934,0.900824010372162,0.9095450043678284,3382724,0.0,0.0,0.0146224108141206,0.0001462241081412
2023-07-15,0.9095450043678284,0.9102299809455872,0.9059380292892456,0.9063060283660888,1017691,0.0,0.0,-0.3561094817942336,-0.0035610948179423
2023-07-16,0.9063060283660888,0.9096860289573668,0.90242201089859,0.9051330089569092,1091368,0.0,0.0,-0.1294286226137461,-0.0012942862261374
2023-07-17,0.9051330089569092,0.9094200134277344,0.9012659788131714,0.9061200022697448,1723912,0.0,0.0,0.109044008236205,0.001090440082362
2023-07-18,0.9061200022697448,0.9089429974555968,0.9007319808006288,0.9069780111312866,1816067,0.0,0.0,0.0946904228350139,0.0009469042283501
2023-07-19,0.9069780111312866,0.9098830223083496,0.9007419943809508,0.905439019203186,1598744,0.0,0.0,-0.1696834883770753,-0.0016968348837707
2023-07-20,0.905439019203186,0.9095699787139891,0.9011110067367554,0.9049519896507264,2143305,0.0,0.0,-0.0537893267387799,-0.0005378932673877
2023-07-21,0.9049519896507264,0.9094979763031006,0.902979016304016,0.904570996761322,1308541,0.0,0.0,-0.042100895269754,-0.0004210089526975
2023-07-22,0.904570996761322,0.9063689708709716,0.9016960263252258,0.9035710096359252,923146,0.0,0.0,-0.1105482188769195,-0.0011054821887691
2023-07-23,0.9035710096359252,0.9091920256614684,0.9007049798965454,0.903536021709442,1131156,0.0,0.0,-0.0038721833823831,-3.872183382383189e-05
2023-07-24,0.903536021709442,0.9100279808044434,0.9003210067749023,0.904429018497467,2266286,0.0,0.0,0.0988335568885799,0.0009883355688857
2023-07-25,0.904429018497467,0.9284989833831788,0.9023020267486572,0.9283760190010072,2138235,0.0,0.0,,0.0264774791761142
2023-07-26,0.9283760190010072,1.0064799785614014,0.9258869886398317,1.0037070512771606,2839637,0.0,0.0,,0.0811428028453541
2023-07-27,1.0037070512771606,1.0087850093841553,1.0014560222625732,1.0042309761047363,1767653,0.0,0.0,0.0521989784677729,0.0005219897846777
2023-07-28,1.0042309761047363,1.031291961669922,1.001109004020691,1.0285929441452026,1875390,0.0,0.0,,0.0242593274058949
2023-07-29,1.0285929441452026,1.0340980291366575,1.025115966796875,1.0312949419021606,1010384,0.0,0.0,0.2626887314693242,0.0026268873146932
2023-07-30,1.0312949419021606,1.0371479988098145,1.0144269466400146,1.0257539749145508,1117706,0.0,0.0,-0.5372824749232152,-0.0053728247492321
2023-07-31,1.0257539749145508,1.0586119890213013,1.0249919891357422,1.047232985496521,1474414,0.0,0.0,,0.0209397293183869
2023-08-01,1.047232985496521,1.0791490077972412,1.0187740325927734,1.0782639980316162,2224637,0.0,0.0,,0.0296314315580716
2023-08-02,1.0782639980316162,1.0791829824447632,1.0440369844436646,1.0540169477462769,2863242,0.0,0.0,,-0.022487118488239
2023-08-03,1.0540169477462769,1.0592679977416992,1.0327130556106567,1.03432297706604,1665119,0.0,0.0,,-0.0186846812305503
2023-08-04,1.03432297706604,1.0419960021972656,1.0153570175170898,1.0245850086212158,1521218,0.0,0.0,-0.9414823667987088,-0.009414823667987
2023-08-05,1.0245850086212158,1.025331974029541,1.014309048652649,1.0203219652175903,898606,0.0,0.0,-0.4160751297115177,-0.0041607512971151
2023-08-06,1.0203219652175903,1.0253920555114746,1.0151770114898682,1.0168880224227903,976743,0.0,0.0,-0.3365548240518096,-0.003365548240518
2023-08-07,1.0168880224227903,1.0437719821929932,1.0094189643859863,1.0389059782028198,1912857,0.0,0.0,,0.0216522913974053
2023-08-08,1.0389059782028198,1.080320954322815,1.034656047821045,1.0754189491271973,2567391,0.0,0.0,,0.0351455970900662
2023-08-09,1.0754189491271973,1.07943594455719,1.0198520421981812,1.0272849798202517,2293870,0.0,0.0,,-0.0447583421754013
2023-08-10,1.0272849798202517,1.0288289785385132,1.0076440572738647,1.0128090381622314,1531954,0.0,0.0,-1.4091456550404502,-0.0140914565504045
2023-08-11,1.0128090381622314,1.0373729467391968,1.0078589916229248,1.0340629816055298,1396405,0.0,0.0,,0.0209851439338102
2023-08-12,1.0340629816055298,1.0517699718475342,1.0311089754104614,1.0515949726104736,795709,0.0,0.0,1.6954471165501872,0.0169544711655018
2023-08-13,1.0515949726104736,1.0590709447860718,1.0494849681854248,1.0513010025024414,906960,0.0,0.0,-0.0279546893708018,-0.000279546893708
2023-08-14,1.0513010025024414,1.0785109996795654,1.0491650104522705,1.0606290102005005,1994751,0.0,0.0,0.8872822983955463,0.0088728229839554
2023-08-15,1.0606290102005005,1.0627059936523438,1.0498980283737185,1.0559710264205933,1703070,0.0,0.0,-0.4391718249368537,-0.0043917182493685
2023-08-16,1.0559710264205933,1.0786279439926147,1.0493099689483645,1.0507630109786987,1994443,0.0,0.0,-0.4931968123735413,-0.0049319681237354
2023-08-17,1.0507630109786987,1.1183840036392212,1.036890983581543,1.097810983657837,15940037,0.0,0.0,,0.0447750560188799
2023-08-18,1.097810983657837,1.119338035583496,1.0746829509735107,1.1106250286102295,14218037,0.0,0.0,1.1672359944602655,0.0116723599446026
2023-08-19,1.1106250286102295,1.1194109916687012,1.0935709476470947,1.1075689792633057,2524062,0.0,0.0,-0.2751648187460702,-0.0027516481874607
2023-08-20,1.1075689792633057,1.1152559518814087,1.0876439809799194,1.0979399681091309,1950210,0.0,0.0,-0.8693825246513763,-0.0086938252465137
2023-08-21,1.0979399681091309,1.0985959768295288,1.0754990577697754,1.0856839418411257,2952912,0.0,0.0,-1.1162747166507148,-0.0111627471665071
2023-08-22,1.0856800079345703,1.1178630590438845,1.0847890377044678,1.1178630590438845,3205173,0.0,0.0,,0.0296432198015142
2023-08-23,1.1178630590438845,1.1188509464263916,1.078948974609375,1.091400980949402,4165566,0.0,0.0,,-0.0236720212555512
2023-08-24,1.091400980949402,1.0981570482254028,1.077950954437256,1.0907529592514038,2904093,0.0,0.0,-0.0593752167452295,-0.0005937521674522
2023-08-25,1.0907529592514038,1.1140869855880735,1.0784419775009155,1.112210035324097,2643306,0.0,0.0,1.967180184174731,0.0196718018417473
2023-08-26,1.112210035324097,1.1139570474624634,1.1055179834365845,1.1071250438690186,1142783,0.0,0.0,-0.4571970485409787,-0.0045719704854097
2023-08-27,1.1071250438690186,1.120635986328125,1.1030629873275757,1.1080340147018433,1382183,0.0,0.0,0.0821019123231255,0.0008210191232312
2023-08-28,1.1080340147018433,1.1112990379333496,1.0757390260696411,1.0919100046157837,2349171,0.0,0.0,-1.4551908941530391,-0.0145519089415303
2023-08-29,1.0919100046157837,1.123371958732605,1.081496000289917,1.104151964187622,6872830,0.0,0.0,1.1211509666628638,0.0112115096666286
2023-08-30,1.104151964187622,1.1059759855270386,1.0706130266189575,1.075070023536682,3600919,0.0,0.0,,-0.0263387120561227
2023-08-31,1.075070023536682,1.095126032829285,1.0698590278625488,1.0740909576416016,4701123,0.0,0.0,-0.0910699650855755,-0.0009106996508557
2023-09-01,1.0740909576416016,1.1034480333328247,1.0740909576416016,1.0968879461288452,3984277,0.0,0.0,,0.0212244487536692
2023-09-02,1.0968879461288452,1.103503942489624,1.0884300470352173,1.0948259830474854,1744914,0.0,0.0,-0.1879830194722238,-0.0018798301947222
2023-09-03,1.0948259830474854,1.103173017501831,1.0877130031585691,1.0951679944992063,1869822,0.0,0.0,0.0312388870027516,0.0003123888700275
2023-09-04,1.0951679944992063,1.1022039651870728,1.0720380544662476,1.0848029851913452,2285433,0.0,0.0,-0.9464309914024444,-0.0094643099140244
2023-09-05,1.0848029851913452,1.0872490406036377,1.071789026260376,1.0796940326690674,2169922,0.0,0.0,-0.4709567167513535,-0.0047095671675135
2023-09-06,1.0796940326690674,1.116441011428833,1.0764529705047607,1.099418044090271,2764929,0.0,0.0,1.826814896109474,0.0182681489610947
2023-09-07,1.099418044090271,1.1172449588775637,1.0916290283203125,1.0946199893951416,2594645,0.0,0.0,-0.4364176775995715,-0.0043641767759957
2023-09-08,1.0946199893951416,1.117859959602356,1.0889979600906372,1.103019952774048,2826629,0.0,0.0,0.767386258271062,0.0076738625827106
2023-09-09,1.103019952774048,1.115103006362915,1.0852769613265991,1.114014983177185,1362379,0.0,0.0,0.9968115604332408,0.0099681156043324
2023-09-10,1.114014983177185,1.114259958267212,1.1024340391159058,1.1039570569992063,1987569,0.0,0.0,-0.902853761382401,-0.009028537613824
2023-09-11,1.1039570569992063,1.1157809495925903,1.0910969972610474,1.1060030460357666,3720059,0.0,0.0,0.1853323028815741,0.0018533230288157
2023-09-12,1.1060030460357666,1.1106170415878296,1.0795300006866455,1.083961009979248,4922184,0.0,0.0,,-0.0199294533008056
2023-09-13,1.083961009979248,1.1062699556350708,1.081725001335144,1.1005369424819946,3235300,0.0,0.0,1.529200068096907,0.015292000680969
2023-09-14,1.1005369424819946,1.1120530366897583,1.0698989629745483,1.0742759704589844,3666415,0.0,0.0,,-0.0238619632011488
2023-09-15,1.0742759704589844,1.1045119762420654,1.0593910217285156,1.0890209674835205,2557605,0.0,0.0,1.3725520657635426,0.0137255206576354
2023-09-16,1.0890209674835205,1.1050950288772583,1.0783209800720217,1.0980340242385864,1817108,0.0,0.0,0.8276293133173587,0.0082762931331735
2023-09-17,1.0980340242385864,1.1018420457839966,1.0893919467926023,1.0950050354003906,1593992,0.0,0.0,-0.275855644846361,-0.0027585564484636
2023-09-18,1.0950050354003906,1.106158971786499,1.0828399658203125,1.0936280488967896,5818633,0.0,0.0,-0.1257516138359652,-0.0012575161383596
2023-09-19,1.0936280488967896,1.1077940464019775,1.0850290060043335,1.10043203830719,5375623,0.0,0.0,0.6221484002046214,0.0062214840020462
2023-09-20,1.10043203830719,1.1089030504226685,1.0852789878845217,1.101917028427124,4952796,0.0,0.0,0.1349461000988723,0.0013494610009887
2023-09-21,1.101917028427124,1.1078109741210938,1.0863239765167236,1.0990359783172607,3211516,0.0,0.0,-0.2614579896251981,-0.0026145798962519
2023-09-22,1.0990359783172607,1.107221007347107,1.0801680088043213,1.0851470232009888,1561859,0.0,0.0,-1.2637398038176528,-0.0126373980381765
2023-09-23,1.0851470232009888,1.0893679857254028,1.0708739757537842,1.076356053352356,1080606,0.0,0.0,-0.8101178605919253,-0.0081011786059192
2023-09-24,1.076356053352356,1.0988980531692505,1.073881983757019,1.074759006500244,1331121,0.0,0.0,-0.1483753305551605,-0.0014837533055516
2023-09-25,1.074759006500244,1.1183559894561768,1.0712300539016724,1.1093300580978394,2304964,0.0,0.0,,0.032166328812791
2023-09-26,1.1093300580978394,1.115723967552185,1.0943000316619873,1.1054960489273071,1532540,0.0,0.0,-0.3456148278454093,-0.003456148278454
2023-09-27,1.1054960489273071,1.1202839612960815,1.0929800271987915,1.115546941757202,2403406,0.0,0.0,0.9091749210363484,0.0090917492103634
2023-09-28,1.115546941757202,1.118831992149353,1.0996270179748535,1.1076940298080444,3171046,0.0,0.0,-0.7039517258491731,-0.0070395172584917
2023-09-29,1.1076940298080444,1.1179709434509275,1.0984469652175903,1.1119730472564695,2069906,0.0,0.0,0.3862995857408922,0.0038629958574089
2023-09-30,1.1119730472564695,1.1173900365829468,1.1088119745254517,1.1091599464416504,1101164,0.0,0.0,-0.2529828237977327,-0.0025298282379773
2023-10-01,1.1091599464416504,1.1198159456253052,1.1052149534225464,1.1115210056304932,1621901,0.0,0.0,0.2128691354585424,0.0021286913545854
2023-10-02,1.1115210056304932,1.119866967201233,1.0654159784317017,1.0734100341796875,2681663,0.0,0.0,,-0.034287225574462
2023-10-03,1.0734100341796875,1.077494978904724,1.064831018447876,1.0727980136871338,1006719,0.0,0.0,-0.0570164683639672,-0.0005701646836396
2023-10-04,1.0727980136871338,1.082908034324646,1.0649770498275757,1.074491024017334,1104868,0.0,0.0,0.1578125899377306,0.0015781258993773
2023-10-05,1.074491024017334,1.0829410552978516,1.064756989479065,1.0675469636917114,1125695,0.0,0.0,-0.6462650846221062,-0.006462650846221
2023-10-06,1.0675469636917114,1.077950954437256,1.0535520315170288,1.0605390071868896,1979068,0.0,0.0,-0.6564541648441754,-0.0065645416484417
2023-10-07,1.0605390071868896,1.0903480052947998,1.0605390071868896,1.0896910429000854,1058350,0.0,0.0,,0.0274879429381125
2023-10-08,1.0896990299224854,1.095093011856079,1.0814889669418335,1.0942929983139038,1127415,0.0,0.0,0.4215813968142418,0.0042158139681424
2023-10-09,1.0942909717559814,1.1171280145645142,1.0844520330429075,1.1119760274887085,1120608,0.0,0.0,1.616120043862583,0.0161612004386258
2023-10-10,1.1119760274887085,1.1164350509643557,1.1024199724197388,1.1056139469146729,715442,0.0,0.0,-0.5721418822673539,-0.0057214188226735
2023-10-11,1.1056139469146729,1.1077929735183716,1.0910409688949585,1.101354956626892,2708114,0.0,0.0,-0.3852149567817866,-0.0038521495678178
2023-10-12,1.101354956626892,1.1033719778060913,1.0916110277175903,1.0979390144348145,1627165,0.0,0.0,-0.3101581530571766,-0.0031015815305717
2023-10-13,1.0979390144348145,1.1065740585327148,1.0853979587554932,1.0881630182266235,2497706,0.0,0.0,-0.8903951931449765,-0.0089039519314497
2023-10-14,1.0881630182266235,1.116798996925354,1.0881630182266235,1.1156649589538574,3861994,0.0,0.0,,0.0252737322134451
2023-10-15,1.1156649589538574,1.1203420162200928,1.0987279415130615,1.118507981300354,5258454,0.0,0.0,0.2548276096403029,0.002548276096403
2023-10-16,1.118507981300354,1.12070894241333,1.0805799961090088,1.0907189846038818,6421362,0.0,0.0,,-0.0248447012994625
2023-10-17,1.0907189846038818,1.1035510301589966,1.0867630243301392,1.0973750352859497,2142740,0.0,0.0,0.6102443228752601,0.0061024432287526
2023-10-18,1.0973750352859497,1.1047970056533811,1.087043046951294,1.0923199653625488,2232928,0.0,0.0,-0.4606510774216444,-0.0046065107742164
2023-10-19,1.0923199653625488,1.104830026626587,1.0877230167388916,1.0988980531692505,2505757,0.0,0.0,0.6022125398502943,0.0060221253985029
2023-10-20,1.0988980531692505,1.1167629957199097,1.0829720497131348,1.0907570123672483,3533859,0.0,0.0,-0.7408367662972195,-0.0074083676629721
2023-10-21,1.090747952461243,1.102802038192749,1.0821130275726318,1.0954819917678833,6887303,0.0,0.0,0.4340177119707787,0.0043401771197077
2023-10-22,1.0954829454421997,1.1041280031204224,1.093168020248413,1.1021089553833008,1752213,0.0,0.0,0.6048482971523064,0.006048482971523
2023-10-23,1.10391104221344,1.1195549964904783,1.0970669984817505,1.1072219610214231,4517673,0.0,0.0,0.2999262333081195,0.0029992623330811
2023-10-24,1.1072219610214231,1.1285560131072998,1.0992950201034546,1.1102590560913086,6110583,0.0,0.0,0.2742986661033824,0.0027429866610338
2023-10-25,1.1102590560913086,1.1179519891738892,1.1055439710617063,1.1112860441207886,4136369,0.0,0.0,0.092499856123265,0.0009249985612326
2023-10-26,1.1112860441207886,1.2044260501861572,1.106408953666687,1.2025599479675293,8083958,0.0,0.0,,0.0821335823747822
2023-10-27,1.2025599479675293,1.2093249559402466,1.201112985610962,1.209172010421753,14455555,0.0,0.0,0.5498322528867531,0.0054983225288675
2023-10-28,1.209172010421753,1.2177339792251587,1.2086520195007324,1.216349959373474,2742131,0.0,0.0,0.5936251327234525,0.0059362513272345
2023-10-29,1.216349959373474,1.218425989151001,1.2017669677734375,1.2061619758605957,3687138,0.0,0.0,-0.8375865378518116,-0.0083758653785181
2023-10-30,1.2061619758605957,1.2199660539627075,1.200674057006836,1.2098100185394287,6383306,0.0,0.0,0.3024504794416299,0.0030245047944162
2023-10-31,1.2098100185394287,1.214900016784668,1.2030680179595947,1.2108099460601809,5392413,0.0,0.0,0.0826516151651117,0.0008265161516511
2023-11-01,1.2108099460601809,1.2138220071792605,1.203374981880188,1.211086988449097,8329643,0.0,0.0,0.0228807493543867,0.0002288074935438
2023-11-02,1.2110689878463743,1.2131520509719849,1.200711011886597,1.207108974456787,7568622,0.0,0.0,-0.3269849553846815,-0.0032698495538468
2023-11-03,1.2070770263671875,1.208631992340088,1.200482964515686,1.206104040145874,6213056,0.0,0.0,-0.080606804707548,-0.0008060680470754
2023-11-04,1.2061079740524292,1.2066789865493774,1.2038170099258425,1.2043930292129517,2535947,0.0,0.0,-0.1421883344088554,-0.0014218833440885
2023-11-05,1.204388976097107,1.2079269886016846,1.2015600204467771,1.2038270235061646,4304410,0.0,0.0,-0.0466587292058603,-0.0004665872920586
2023-11-06,1.2038270235061646,1.2087470293045044,1.2012569904327393,1.2050009965896606,4060611,0.0,0.0,0.0975200805907213,0.0009752008059072
2023-11-07,1.204967975616455,1.2077070474624634,1.201904058456421,1.2067660093307495,7864366,0.0,0.0,0.1492183817893226,0.0014921838178932
2023-11-08,1.2067919969558716,1.2070260047912598,1.2015249729156494,1.202275037765503,6936233,0.0,0.0,-0.3742947584805555,-0.0037429475848055
2023-11-09,1.2022080421447754,1.2070770263671875,1.199419021606445,1.2057700157165527,10903986,0.0,0.0,0.2962859544195592,0.0029628595441955
2023-11-10,1.2057219743728638,1.2059170007705688,1.199524998664856,1.2023600339889526,5965124,0.0,0.0,-0.2788321400262933,-0.0027883214002629
2023-11-11,1.2023639678955078,1.2051429748535156,1.1993119716644287,1.203816056251526,5394979,0.0,0.0,0.1207694504152409,0.0012076945041524
2023-11-12,1.203842043876648,1.2041809558868408,1.1985470056533811,1.2011590003967283,4486573,0.0,0.0,-0.2228733822320775,-0.0022287338223207
2023-11-13,1.2012020349502563,1.221410036087036,1.1989690065383911,1.2084239721298218,13834285,0.0,0.0,0.6012258528903093,0.006012258528903
2023-11-14,1.2083920240402222,1.220378041267395,1.2060999870300293,1.215736985206604,9910907,0.0,0.0,0.6078293318938154,0.0060782933189381
2023-11-15,1.2157490253448486,1.2185289859771729,1.2106479406356812,1.2172319889068604,9223581,0.0,0.0,0.1219794160715921,0.0012197941607159
2023-11-16,1.2171310186386108,1.2171310186386108,1.211750030517578,1.21554696559906,7931239,0.0,0.0,-0.1301464686457979,-0.0013014646864579
2023-11-17,1.215453028678894,1.2165780067443848,1.2102700471878052,1.2125799655914309,5475996,0.0,0.0,-0.23637796111183,-0.0023637796111183
2023-11-18,1.212607979774475,1.2163939476013184,1.2108540534973145,1.2144320011138916,6967060,0.0,0.0,0.1504213537961164,0.0015042135379611
2023-11-19,1.2144720554351809,1.2177610397338867,1.21139395236969,1.2152849435806274,6781085,0.0,0.0,0.0669334581893919,0.0006693345818939
2023-11-20,1.2152609825134275,1.2173949480056765,1.2119319438934326,1.213832974433899,17683553,0.0,0.0,-0.1175062887788227,-0.0011750628877882
2023-11-21,1.2138299942016602,1.217067003250122,1.2100650072097778,1.2100650072097778,13353507,0.0,0.0,-0.3101741602915792,-0.0031017416029157
2023-11-22,1.2102060317993164,1.2156250476837158,1.2102060317993164,1.2131279706954956,16450863,0.0,0.0,0.2414414421513751,0.0024144144215137
2023-11-23,1.2130990028381348,1.2150989770889282,1.2122819423675537,1.2131290435791016,8709676,0.0,0.0,0.0024763635034333,2.476363503433301e-05
2023-11-24,1.2130910158157349,1.2152700424194336,1.2123719453811646,1.2146339416503906,16955792,0.0,0.0,0.1271896184655387,0.0012718961846553
2023-11-25,1.214607000350952,1.2152400016784668,1.212921977043152,1.214169979095459,5426947,0.0,0.0,-0.0359804657281464,-0.0003598046572814
2023-11-26,1.214069962501526,1.2149560451507568,1.2122910022735596,1.2145099639892578,12661863,0.0,0.0,0.0362418560150448,0.0003624185601504
2023-11-27,1.2145140171051023,1.2181119918823242,1.2125910520553589,1.2175079584121704,7805474,0.0,0.0,0.2465135243316835,0.0024651352433168
2023-11-28,1.2175029516220093,1.218248963356018,1.2128030061721802,1.2143919467926023,7234252,0.0,0.0,-0.2555233911558364,-0.0025552339115583
2023-11-29,1.2144160270690918,1.218533992767334,1.212033987045288,1.2152869701385498,8245323,0.0,0.0,0.071717026953273,0.0007171702695327
2023-11-30,1.2153029441833496,1.21807599067688,1.2119330167770386,1.2142000198364258,7198400,0.0,0.0,-0.0907530383434529,-0.0009075303834345
2023-12-01,1.2142119407653809,1.2168400287628174,1.2110379934310913,1.211832046508789,12697537,0.0,0.0,-0.1960031998278345,-0.0019600319982783
2023-12-02,1.211832046508789,1.2620500326156616,1.2115659713745115,1.2610470056533811,27546655,0.0,0.0,,0.0406120297663172
2023-12-03,1.2609930038452148,1.3220009803771973,1.2533440589904783,1.3147690296173096,20225300,0.0,0.0,,0.0426457764699031
2023-12-04,1.314761996269226,1.3218940496444702,1.300644040107727,1.3073810338974,101050295,0.0,0.0,-0.5613915212616748,-0.0056139152126167
2023-12-05,1.3073630332946775,1.32253098487854,1.3004839420318604,1.3114320039749146,35499129,0.0,0.0,0.3112349497891837,0.0031123494978918
2023-12-06,1.311303973197937,1.3272490501403809,1.3028099536895752,1.3124419450759888,22101100,0.0,0.0,0.0867816998431365,0.0008678169984313
2023-12-07,1.3123929500579834,1.3376530408859253,1.3086650371551514,1.3206369876861572,20449402,0.0,0.0,0.6281683872051884,0.0062816838720518
2023-12-08,1.320667028427124,1.340013027191162,1.3197180032730105,1.3321130275726318,19009386,0.0,0.0,0.866683191079561,0.0086668319107956
2023-12-09,1.3321499824523926,1.3402570486068726,1.325538992881775,1.329321026802063,11615513,0.0,0.0,-0.2123601461992804,-0.0021236014619928
2023-12-10,1.3293819427490234,1.3456159830093384,1.325137972831726,1.3370089530944824,7625946,0.0,0.0,0.5737260376568017,0.005737260376568
2023-12-11,1.337015986442566,1.3462170362472534,1.3287220001220703,1.3373420238494873,32959720,0.0,0.0,0.0243854531454693,0.0002438545314546
2023-12-12,1.3373119831085205,1.35118305683136,1.3297150135040283,1.3480199575424194,20669284,0.0,0.0,0.8007087776936486,0.0080070877769364
2023-12-13,1.3480169773101809,1.3567659854888916,1.337852954864502,1.3425389528274536,21768764,0.0,0.0,-0.4063765200982903,-0.0040637652009829
2023-12-14,1.3425259590148926,1.363142013549805,1.340090036392212,1.3503689765930176,21390231,0.0,0.0,0.584198579212575,0.0058419857921257
2023-12-15,1.350375056266785,1.363247990608215,1.3460650444030762,1.357483983039856,16342799,0.0,0.0,0.5264409128471492,0.0052644091284714
2023-12-16,1.3574819564819336,1.3631139993667605,1.3490129709243774,1.351091980934143,11308422,0.0,0.0,-0.4707226874934576,-0.0047072268749345
2023-12-17,1.351091980934143,1.3627879619598389,1.348481059074402,1.359563946723938,11439691,0.0,0.0,0.627045819925407,0.006270458199254
2023-12-18,1.3594590425491333,1.3739160299301147,1.3533380031585691,1.3685389757156372,18856304,0.0,0.0,0.6679078134989669,0.0066790781349896
2023-12-19,1.3686020374298096,1.3735460042953491,1.3574620485305786,1.3656389713287354,20960959,0.0,0.0,-0.2165031192441274,-0.0021650311924412
2023-12-20,1.3656270503997805,1.378720998764038,1.3625099658966064,1.3740930557250977,22423911,0.0,0.0,0.6199353859341598,0.0061993538593415
2023-12-21,1.3742929697036743,1.3936970233917236,1.363340973854065,1.3858139514923096,18568186,0.0,0.0,0.8383206523365547,0.0083832065233655
2023-12-22,1.3858109712600708,1.394271969795227,1.3700330257415771,1.3763370513916016,15593727,0.0,0.0,-0.6836372394898076,-0.006836372394898
2023-12-23,1.376358985900879,1.4134379625320437,1.375946044921875,1.3795559406280518,7518202,0.0,0.0,0.2322762273448829,0.0023227622734488
2023-12-24,1.3795160055160522,1.4118529558181765,1.3788889646530151,1.395169019699097,14227059,0.0,0.0,1.1346743437883595,0.0113467434378835
2023-12-25,1.3953180313110352,1.4039759635925293,1.3872090578079224,1.399791955947876,13476740,0.0,0.0,0.3206383445526851,0.0032063834455268
2023-12-26,1.3997440338134766,1.4076590538024902,1.388748049736023,1.3951239585876465,16431266,0.0,0.0,-0.3300657201762167,-0.0033006572017621
2023-12-27,1.3951289653778076,1.3982629776000977,1.381311058998108,1.3884810209274292,15751408,0.0,0.0,-0.4765111050918595,-0.0047651110509185
2023-12-28,1.3886070251464844,1.395511031150818,1.3664430379867554,1.373128056526184,19276242,0.0,0.0,-1.114711962419131,-0.0111471196241913
2023-12-29,1.373062014579773,1.3774160146713257,1.3663040399551392,1.376513957977295,19393425,0.0,0.0,0.2514047698405263,0.0025140476984052
2023-12-30,1.376512050628662,1.3961000442504885,1.3642029762268066,1.3931050300598145,11716226,0.0,0.0,1.205436554193203,0.012054365541932
2023-12-31,1.3930469751358032,1.4039369821548462,1.3622360229492188,1.367123007774353,12487688,0.0,0.0,,-0.0186095428396612
2024-01-01,1.3683279752731323,1.3845939636230469,1.3555049896240234,1.373540997505188,15490429,0.0,0.0,0.3809775380069308,0.0038097753800693
2024-01-02,1.373805046081543,1.386160969734192,1.3560359477996826,1.3681730031967163,20315111,0.0,0.0,-0.4099593971423196,-0.0040995939714231
2024-01-03,1.3681880235671997,1.3862279653549194,1.359760046005249,1.372918963432312,17168668,0.0,0.0,0.3457814118835502,0.0034578141188355
2024-01-04,1.372941970825195,1.378026008605957,1.357733964920044,1.3592220544815063,8379136,0.0,0.0,-0.999307810179516,-0.0099930781017951
2024-01-05,1.359086990356445,1.360780954360962,1.3224259614944458,1.3333580493927002,7940576,0.0,0.0,,-0.0189310479360831
2024-01-06,1.333363056182861,1.5107719898223877,1.3248169422149658,1.5053060054779053,8531430,0.0,0.0,,0.1289543373035104
2024-01-07,1.5054290294647217,1.5105769634246826,1.49275004863739,1.5071690082550049,6310374,0.0,0.0,0.1155802602598861,0.0011558026025988
2024-01-08,1.5072319507598877,1.508774995803833,1.4516860246658323,1.4712339639663696,15254975,0.0,0.0,,-0.0238835082917193
2024-01-09,1.4713879823684692,1.4849189519882202,1.4328420162200928,1.4510680437088013,15636391,0.0,0.0,-1.3810047997645931,-0.0138100479976459
2024-01-10,1.4509010314941406,1.4787110090255735,1.4266810417175293,1.429589033126831,24737017,0.0,0.0,-1.4688802271621817,-0.0146888022716218
2024-01-11,1.4299800395965576,1.459606051445007,1.418813943862915,1.4551130533218384,29053371,0.0,0.0,1.757577940204786,0.0175757794020478
2024-01-12,1.4549529552459717,1.4603739976882937,1.4080300331115725,1.426401972770691,29219715,0.0,0.0,,-0.0196233028513653
2024-01-13,1.4263910055160522,1.429589033126831,1.4099270105361938,1.4160799980163574,12583015,0.0,0.0,-0.7228738445363666,-0.0072287384453636
2024-01-14,1.416174054145813,1.4681730270385742,1.4096200466156006,1.4523439407348633,8785815,0.0,0.0,,0.0255405657822665
2024-01-15,1.4512180089950562,1.4794670343399048,1.4489959478378296,1.455469012260437,11969007,0.0,0.0,0.2929265788483845,0.0029292657884838
2024-01-16,1.4545170068740845,1.490425944328308,1.4534289836883545,1.4754040241241455,13145224,0.0,0.0,1.4360105211110257,0.0143601052111102
2024-01-17,1.475389003753662,1.494310975074768,1.4736920595169067,1.4933600425720217,13481010,0.0,0.0,1.2180542740008198,0.0121805427400081
2024-01-18,1.4932270050048828,1.5365240573883057,1.488960027694702,1.5341980457305908,13156656,0.0,0.0,,0.0274379184065011
2024-01-19,1.5347319841384888,1.549862027168274,1.510769963264465,1.5117239952087402,17583206,0.0,0.0,-1.4991535439110506,-0.0149915354391105
2024-01-20,1.5115829706192017,1.5123180150985718,1.4732990264892578,1.4782949686050415,6846413,0.0,0.0,,-0.0220219482894307
2024-01-21,1.47838294506073,1.484429955482483,1.47298002243042,1.4744369983673096,4410054,0.0,0.0,-0.2669096465569897,-0.0026690964655698
2024-01-22,1.4746830463409424,1.4916280508041382,1.4522000551223757,1.4652990102767944,14749523,0.0,0.0,-0.6363425745913395,-0.0063634257459133
2024-01-23,1.4652990102767944,1.5390620231628418,1.4638700485229492,1.5380860567092896,15039160,0.0,0.0,,0.049673852177615
2024-01-24,1.539268970489502,1.5488619804382324,1.5041120052337646,1.5176140069961548,13103711,0.0,0.0,-1.406834277082886,-0.0140683427708288
2024-01-25,1.5175869464874268,1.5464760065078735,1.5109529495239258,1.544692039489746,10652384,0.0,0.0,1.7860652442389668,0.0178606524423896
2024-01-26,1.5446269512176514,1.5463930368423462,1.5176719427108765,1.5242910385131836,11799055,0.0,0.0,-1.3165581947431828,-0.0131655819474318
2024-01-27,1.523906946182251,1.5260599851608276,1.5153969526290894,1.5212379693984983,6513094,0.0,0.0,-0.1751404041066342,-0.0017514040410663
2024-01-28,1.5212210416793823,1.5230120420455933,1.485692024230957,1.4932429790496826,7919544,0.0,0.0,,-0.0183918456707729
2024-01-29,1.4930130243301392,1.5263450145721436,1.4823609590530396,1.5253820419311523,11033220,0.0,0.0,,0.0216803317007472
2024-01-30,1.5253820419311523,1.5262709856033323,1.4797630310058594,1.4838440418243408,10860318,0.0,0.0,,-0.0272312109130535
2024-01-31,1.4839860200881958,1.5172770023345947,1.472269058227539,1.4910210371017456,10517664,0.0,0.0,0.4740622161071101,0.0047406221610711
2024-02-01,1.4906879663467407,1.5264010429382324,1.4816429615020752,1.5226010084152222,11591092,0.0,0.0,,0.0214082643644674
2024-02-02,1.5226019620895386,1.525792956352234,1.474442958831787,1.4827070236206057,7886097,0.0,0.0,,-0.0262018173247216
2024-02-03,1.482655048370361,1.4865520000457764,1.461472988128662,1.4830700159072876,5469480,0.0,0.0,0.0279881377251301,0.0002798813772513
2024-02-04,1.4831470251083374,1.48443603515625,1.4587819576263428,1.461601972579956,4863324,0.0,0.0,-1.4526579067107372,-0.0145265790671073
2024-02-05,1.461801052093506,1.625486969947815,1.450693964958191,1.6250989437103271,10121766,0.0,0.0,,0.1117100657322385
2024-02-06,1.6251250505447388,1.6649709939956665,1.621777057647705,1.659595966339111,7618731,0.0,0.0,,0.0212112389645447
2024-02-07,1.6596460342407229,1.688781976699829,1.656973958015442,1.6869380474090576,11421783,0.0,0.0,1.644447828347968,0.0164444782834796
2024-02-08,1.6871730089187622,1.6883209943771362,1.6741559505462646,1.6804909706115725,12906076,0.0,0.0,-0.3960493839023631,-0.0039604938390236
2024-02-09,1.6805180311203003,1.689373016357422,1.6204689741134644,1.6268670558929443,16335115,0.0,0.0,,-0.0319252600887537
2024-02-10,1.6270049810409546,1.652662992477417,1.6085070371627808,1.6420619487762451,11253573,0.0,0.0,0.925440789103,0.00925440789103
2024-02-11,1.6419450044631958,1.6521400213241575,1.6256489753723145,1.632681965827942,9648831,0.0,0.0,-0.5641503588777195,-0.0056415035887771
2024-02-12,1.63297700881958,1.6613340377807615,1.6079939603805542,1.6520999670028689,17448778,0.0,0.0,1.1710488316741268,0.0117104883167412
2024-02-13,1.6521179676055908,1.6574280261993408,1.617097020149231,1.650048017501831,18435874,0.0,0.0,-0.1252906962061394,-0.0012529069620613
2024-02-14,1.6499470472335815,1.67438805103302,1.6389060020446775,1.6536020040512085,13786116,0.0,0.0,0.2215196435397798,0.0022151964353977
2024-02-15,1.6536049842834473,1.696408987045288,1.6381100416183472,1.6919480562210083,19262465,0.0,0.0,,0.0231875643227914
2024-02-16,1.691964030265808,1.6963520050048828,1.665120005607605,1.6719759702682495,12675060,0.0,0.0,-1.1813525370523663,-0.0118135253705236
2024-02-17,1.6719729900360107,1.6836819648742676,1.649351954460144,1.6740319728851318,12598120,0.0,0.0,0.1231468965941099,0.001231468965941
2024-02-18,1.6740070581436155,1.6832389831542969,1.6622309684753418,1.675184965133667,8835379,0.0,0.0,0.0703645175401905,0.0007036451754019
2024-02-19,1.6752179861068726,1.6824870109558103,1.6340279579162598,1.6355140209197998,13107281,0.0,0.0,,-0.0237007753715341
2024-02-20,1.6357239484786987,1.668310046195984,1.614804983139038,1.642482042312622,17065911,0.0,0.0,0.4131561343348118,0.0041315613433481
2024-02-21,1.64226496219635,1.644389033317566,1.5996110439300537,1.626142978668213,14881087,0.0,0.0,-0.9816919863269696,-0.0098169198632696
2024-02-22,1.626399040222168,1.6476190090179443,1.6086920499801636,1.62772798538208,13713207,0.0,0.0,0.0817108917950771,0.0008171089179507
2024-02-23,1.6272920370101929,1.6386409997940063,1.6233999729156494,1.6293540000915527,11276531,0.0,0.0,0.126711311458777,0.0012671131145877
2024-02-24,1.6294159889221191,1.662824034690857,1.6250979900360107,1.6603310108184814,8350645,0.0,0.0,1.8973068944053395,0.0189730689440533
2024-02-25,1.6603349447250366,1.663038969039917,1.6537539958953855,1.6570370197296145,9011698,0.0,0.0,-0.1986301020706578,-0.0019863010207065
2024-02-26,1.6568069458007812,1.680209040641785,1.6339709758758545,1.6734590530395508,20652951,0.0,0.0,1.0050722735666164,0.0100507227356661
2024-02-27,1.6734219789505005,1.7377569675445557,1.6707199811935425,1.7328540086746216,25218631,0.0,0.0,,0.0355152677995745
2024-02-28,1.7326539754867554,1.7731740474700928,1.729519963264465,1.770326018333435,34843402,0.0,0.0,,0.0217423925259493
2024-02-29,1.770071029663086,1.7704039812088013,1.750120997428894,1.7580419778823853,31437936,0.0,0.0,-0.6795801738527004,-0.006795801738527
2024-03-01,1.7576279640197754,1.7611960172653198,1.7430299520492554,1.7452510595321655,22123674,0.0,0.0,-0.7041822695687726,-0.0070418226956877
2024-03-02,1.7453349828720093,1.7455940246582031,1.735759973526001,1.7393569946289062,13495437,0.0,0.0,-0.3425123716517754,-0.0034251237165177
2024-03-03,1.7391719818115234,1.7621430158615112,1.7323839664459229,1.7606459856033323,17928705,0.0,0.0,1.2347257209975009,0.012347257209975
2024-03-04,1.7606309652328491,1.763474941253662,1.722064971923828,1.7462910413742063,22437649,0.0,0.0,-0.8144764088450699,-0.0081447640884506
2024-03-05,1.7463539838790894,1.7639930248260498,1.7172960042953491,1.755368947982788,38092418,0.0,0.0,0.5162163104913151,0.0051621631049131
2024-03-06,1.755368947982788,1.7635810375213623,1.7203320264816284,1.7252559661865234,24173070,0.0,0.0,-1.7154787790264543,-0.0171547877902645
2024-03-07,1.7252559661865234,1.743250012397766,1.7205229997634888,1.7272340059280396,23184680,0.0,0.0,0.1146519577549028,0.001146519577549
2024-03-08,1.727228045463562,1.7459100484848022,1.7193410396575928,1.7278980016708374,22272511,0.0,0.0,0.0387879416985488,0.0003878794169854
2024-03-09,1.7278980016708374,1.745452046394348,1.7213269472122192,1.7386900186538696,14747976,0.0,0.0,0.624574886515095,0.0062457488651509
2024-03-10,1.738690972328186,1.766010046005249,1.730707049369812,1.7554709911346436,21198568,0.0,0.0,0.9650949520942362,0.0096509495209423
2024-03-11,1.7554709911346436,1.773103952407837,1.729079008102417,1.761376976966858,26910156,0.0,0.0,0.3364331203443606,0.0033643312034436
2024-03-12,1.761376976966858,1.766226053237915,1.7176159620285034,1.7554140090942385,26967926,0.0,0.0,-0.3385401280132439,-0.0033854012801324
2024-03-13,1.7554140090942385,1.7574059963226318,1.7339409589767456,1.74891197681427,23170097,0.0,0.0,-0.3703987917541693,-0.0037039879175416
2024-03-14,1.7489089965820312,1.7569600343704224,1.7168149948120115,1.752959966659546,26485594,0.0,0.0,0.2316284086497145,0.0023162840864971
2024-03-15,1.752959966659546,1.851287007331848,1.7353980541229248,1.845348000526428,30648214,0.0,0.0,,0.0527040181316504
2024-03-16,1.845348000526428,1.8491740226745603,1.7295470237731934,1.771720051765442,21942562,0.0,0.0,,-0.0398992215777089
2024-03-17,1.7717820405960083,1.825395941734314,1.768035054206848,1.8191089630126955,21049148,0.0,0.0,,0.0267114810582271
2024-03-18,1.8195760250091555,1.8266639709472656,1.7963900566101074,1.8059509992599487,25438930,0.0,0.0,-0.7488022243609309,-0.0074880222436093
2024-03-19,1.8059509992599487,1.8082300424575808,1.773015022277832,1.776075005531311,40924302,0.0,0.0,-1.6543081036462464,-0.0165430810364624
2024-03-20,1.776075005531311,1.8304699659347528,1.7742120027542114,1.8275580406188965,37929150,0.0,0.0,,0.028986971229959
2024-03-21,1.8275580406188965,1.8283339738845823,1.8077150583267207,1.811733961105347,27215983,0.0,0.0,-0.8658592045695473,-0.0086585920456954
2024-03-22,1.811825037002564,1.8156390190124512,1.7751970291137695,1.7840100526809692,24873182,0.0,0.0,-1.5351915197954802,-0.0153519151979548
2024-03-23,1.7840100526809692,1.7892930507659912,1.7719210386276243,1.7721539735794067,15825600,0.0,0.0,-0.6645746801563959,-0.0066457468015639
2024-03-24,1.7721539735794067,1.8148599863052368,1.7694909572601318,1.812322974205017,20660488,0.0,0.0,,0.0226667666717902
2024-03-25,1.812322974205017,1.8150349855422967,1.7919280529022217,1.7941149473190308,26677665,0.0,0.0,-1.0046789201010573,-0.0100467892010105
2024-03-26,1.7941149473190308,1.8309170007705688,1.7889410257339478,1.8254610300064087,26467833,0.0,0.0,1.7471613362465317,0.0174716133624653
2024-03-27,1.8254610300064087,1.830275058746338,1.8170640468597408,1.8274379968643188,22739813,0.0,0.0,0.1082995925639242,0.0010829959256392
2024-03-28,1.8274379968643188,1.8294850587844849,1.8173630237579343,1.8229060173034668,21717249,0.0,0.0,-0.2479963516479588,-0.0024799635164795
2024-03-29,1.8229060173034668,1.831264972686768,1.818060040473938,1.8283129930496216,17076430,0.0,0.0,0.2966129737260428,0.0029661297372604
2024-03-30,1.8283129930496216,1.8301889896392824,1.7796080112457275,1.8203940391540527,12860684,0.0,0.0,-0.4331290061205577,-0.0043312900612055
2024-03-31,1.8203879594802856,1.826598048210144,1.786653995513916,1.80245304107666,13961789,0.0,0.0,-0.9852250620656744,-0.0098522506206567
2024-04-01,1.80245304107666,1.8316090106964111,1.7703529596328735,1.8238539695739744,22575809,0.0,0.0,1.187322388411907,0.011873223884119
2024-04-02,1.8238539695739744,1.831462979316712,1.798045992851257,1.8270440101623533,27823080,0.0,0.0,0.1749065792325496,0.0017490657923254
2024-04-03,1.8270440101623533,1.8311519622802728,1.8060309886932373,1.8097740411758425,23909165,0.0,0.0,-0.9452409953154964,-0.0094524099531549
2024-04-04,1.8097740411758425,1.812595009803772,1.7752950191497805,1.7994539737701416,18761707,0.0,0.0,-0.5702406582755367,-0.0057024065827553
2024-04-05,1.7994539737701416,1.8015459775924685,1.7709699869155884,1.7868150472640991,21848895,0.0,0.0,-0.7023756478506602,-0.0070237564785066
2024-04-06,1.7868150472640991,1.821344017982483,1.7842199802398682,1.811305046081543,12384844,0.0,0.0,1.3705950627034382,0.0137059506270343
2024-04-07,1.811305046081543,1.8306139707565308,1.810487985610962,1.829190015792847,16133489,0.0,0.0,0.987407932749654,0.0098740793274965
2024-04-08,1.829190015792847,1.830055952072144,1.7721669673919678,1.7766729593276978,22203974,0.0,0.0,,-0.0287105527647361
2024-04-09,1.7766729593276978,1.788709044456482,1.768625020980835,1.7810879945755005,17731941,0.0,0.0,0.2485001656958524,0.0024850016569585
2024-04-10,1.7810879945755005,1.7895489931106567,1.7679109573364258,1.7772669792175293,15856250,0.0,0.0,-0.2145326547373579,-0.0021453265473735
2024-04-11,1.7772669792175293,1.7888729572296145,1.7686959505081177,1.774340033531189,12639153,0.0,0.0,-0.1646880137068077,-0.001646880137068
2024-04-12,1.774340033531189,1.7889699935913086,1.7668850421905518,1.7827370166778564,14796149,0.0,0.0,0.4732454314270466,0.0047324543142704
2024-04-13,1.7827370166778564,1.7890759706497192,1.7686309814453125,1.7707840204238892,14689672,0.0,0.0,-0.6704856713101622,-0.0067048567131016
2024-04-14,1.7707840204238892,1.8039790391922,1.7631829977035522,1.7907739877700806,17835179,0.0,0.0,1.1288766509992687,0.0112887665099926
2024-04-15,1.7907739877700806,1.793063998222351,1.7694129943847656,1.780642032623291,16424452,0.0,0.0,-0.5657863703619087,-0.005657863703619
2024-04-16,1.780642032623291,1.7919280529022217,1.770117998123169,1.7844769954681396,17328551,0.0,0.0,0.2153696686132282,0.0021536966861322
2024-04-17,1.7844769954681396,1.7909159660339355,1.7682629823684692,1.782376050949097,15452228,0.0,0.0,-0.1177344692242213,-0.0011773446922422
2024-04-18,1.782376050949097,1.792072057723999,1.7716389894485474,1.784335970878601,14969723,0.0,0.0,0.1099610785535709,0.0010996107855357
2024-04-19,1.784335970878601,1.7922730445861816,1.7689720392227173,1.7787410020828247,17811888,0.0,0.0,-0.3135602760404714,-0.0031356027604047
2024-04-20,1.7787410020828247,1.7919329404830933,1.7717009782791138,1.785436987876892,10736240,0.0,0.0,0.3764452377398783,0.0037644523773987
2024-04-21,1.785436987876892,1.8688570261001587,1.7819470167160034,1.8667030334472656,8650210,0.0,0.0,,0.0455160535612119
2024-04-22,1.8667030334472656,1.8824280500411987,1.860754013061524,1.8750079870224,12696406,0.0,0.0,0.4448995596154043,0.004448995596154
2024-04-23,1.8750079870224,1.8806740045547483,1.8611730337142944,1.8797030448913568,13494359,0.0,0.0,0.250402019695544,0.0025040201969554
2024-04-24,1.8797030448913568,1.8810399770736688,1.8486740589141848,1.878123998641968,15083015,0.0,0.0,-0.0840050907870943,-0.0008400509078709
2024-04-25,1.878193974494934,1.88129997253418,1.8732149600982664,1.875538945198059,9096160,0.0,0.0,-0.1413607610784165,-0.0014136076107841
2024-04-26,1.875538945198059,1.9478570222854608,1.873608946800232,1.9438070058822632,12239604,0.0,0.0,,0.0363991698807378
2024-04-27,1.9438070058822632,1.9456779956817627,1.9285900592803955,1.94141697883606,9933663,0.0,0.0,-0.1229559847747525,-0.0012295598477475
2024-04-28,1.94141697883606,1.953418016433716,1.933578968048096,1.9377989768981927,9155762,0.0,0.0,-0.1863588284901282,-0.0018635882849012
2024-04-29,1.9377989768981927,1.961230993270874,1.9287739992141724,1.9568029642105105,12832445,0.0,0.0,0.9806996256514282,0.0098069962565142
2024-04-30,1.9568029642105105,1.9683899879455569,1.919854998588562,1.9644650220870967,18146493,0.0,0.0,0.3915600097058098,0.003915600097058
2024-05-01,1.9644650220870967,1.976593017578125,1.9411059617996216,1.9622069597244265,18451921,0.0,0.0,-0.1149454094260843,-0.0011494540942608
2024-05-02,1.9622069597244265,1.9667589664459229,1.943977952003479,1.9543689489364624,14009294,0.0,0.0,-0.3994487303757634,-0.0039944873037576
2024-05-03,1.9543689489364624,1.9752990007400515,1.9327080249786377,1.966202974319458,15363851,0.0,0.0,0.6055164450619982,0.0060551644506199
2024-05-04,1.966202974319458,1.9758059978485107,1.934224963188172,1.965423941612244,13654240,0.0,0.0,-0.0396211742830645,-0.0003962117428306
2024-05-05,1.965423941612244,1.9713690280914309,1.9473789930343628,1.9604899883270264,7811857,0.0,0.0,-0.2510376097876568,-0.0025103760978765
2024-05-06,1.9604899883270264,1.972535967826844,1.9461079835891724,1.950268030166626,11657629,0.0,0.0,-0.5213981311439007,-0.005213981311439
2024-05-07,1.950268030166626,1.9543349742889404,1.9471640586853027,1.947484016418457,12046261,0.0,0.0,-0.1427503145775858,-0.0014275031457758
2024-05-08,1.947484016418457,1.9506640434265137,1.946172952651977,1.947334051132202,12288777,0.0,0.0,-0.0077004630071829,-7.700463007182994e-05
2024-05-09,1.947334051132202,1.956280946731568,1.945992946624756,1.954825043678284,12808164,0.0,0.0,0.3846793795716066,0.003846793795716
2024-05-10,1.954825043678284,1.956769943237305,1.9456069469451904,1.948600053787232,12819998,0.0,0.0,-0.3184423031198133,-0.0031844230311981
2024-05-11,1.948600053787232,1.95094096660614,1.947126030921936,1.9485100507736208,7363854,0.0,0.0,-0.0046188551332601,-4.618855133260165e-05
2024-05-12,1.9485100507736208,1.9519959688186648,1.9478739500045776,1.9505449533462524,5790166,0.0,0.0,0.1044337734785454,0.0010443377347854
2024-05-13,1.9505449533462524,1.9574600458145144,1.9476799964904783,1.955654978752136,8405970,0.0,0.0,0.261979371309391,0.0026197937130939
2024-05-14,1.955654978752136,1.9569439888000488,1.9488719701766968,1.950721025466919,8070638,0.0,0.0,-0.2522916024975591,-0.0025229160249755
2024-05-15,1.9507449865341189,1.968866944313049,1.948475956916809,1.967460989952088,17761730,0.0,0.0,0.8569035693214034,0.008569035693214
2024-05-16,1.967406988143921,1.968642950057984,1.9195640087127688,1.9202029705047607,27851348,0.0,0.0,,-0.0239930110666594
2024-05-17,1.9202200174331665,1.9781639575958248,1.919603943824768,1.9770020246505733,20712816,0.0,0.0,,0.0295705735290217
2024-05-18,1.9770020246505733,1.9784990549087524,1.9646790027618408,1.9769459962844849,12010029,0.0,0.0,-0.0028340065103537,-2.8340065103537703e-05
2024-05-19,1.9769459962844849,2.012821912765503,1.9763339757919312,2.0067479610443115,13842337,0.0,0.0,1.5074749040103836,0.0150747490401038
2024-05-20,2.0067479610443115,2.0156960487365723,1.9949519634246824,2.0001940727233887,18365165,0.0,0.0,-0.3265924993147723,-0.0032659249931477
2024-05-21,2.0001940727233887,2.0008530616760254,1.965280055999756,1.9859050512313845,24037734,0.0,0.0,-0.714381753593979,-0.0071438175359397
2024-05-22,1.9859050512313845,2.011538028717041,1.9747350215911863,2.0057690143585205,16238949,0.0,0.0,1.000247374103768,0.0100024737410376
2024-05-23,2.0057690143585205,2.033674955368042,2.005614995956421,2.029871940612793,17535202,0.0,0.0,1.2016800579592657,0.0120168005795926
2024-05-24,2.029871940612793,2.0864949226379395,2.019925117492676,2.078244924545288,16738225,0.0,0.0,,0.0238305594380953
2024-05-25,2.078244924545288,2.155977964401245,2.078244924545288,2.1477720737457275,15592272,0.0,0.0,,0.0334547426914331
2024-05-26,2.1477720737457275,2.203479051589966,2.1423940658569336,2.201478958129883,11743238,0.0,0.0,,0.0250058584151763
2024-05-27,2.201478958129883,2.2088301181793213,2.1966030597686768,2.2011499404907227,14425242,0.0,0.0,-0.0149453002012633,-0.0001494530020126
2024-05-28,2.2011499404907227,2.2167789936065674,2.196984052658081,2.2134039402008057,18564788,0.0,0.0,0.5567089949061403,0.0055670899490614
2024-05-29,2.2134039402008057,2.216278076171875,2.207534074783325,2.2110490798950195,14789038,0.0,0.0,-0.1063908969807153,-0.0010639089698071
2024-05-30,2.2110490798950195,2.218130111694336,2.208811044692993,2.211970090866089,15117657,0.0,0.0,0.0416549311113919,0.0004165493111139
2024-05-31,2.211970090866089,2.216959953308105,2.208184003829956,2.2125608921051025,13687896,0.0,0.0,0.0267092779171505,0.0002670927791715
2024-06-01,2.2125608921051025,2.2163960933685303,2.206583023071289,2.213632106781006,15743802,0.0,0.0,0.0484151500519441,0.0004841515005194
2024-06-02,2.2136240005493164,2.2171480655670166,2.21116590499878,2.2135040760040283,10073198,0.0,0.0,-0.0054175661837026,-5.4175661837026687e-05
2024-06-03,2.2135040760040283,2.218059062957764,2.211136102676392,2.2136049270629883,14750178,0.0,0.0,0.004556172272428,4.556172272428081e-05
2024-06-04,2.2136049270629883,2.218100070953369,2.2117810249328613,2.2154080867767334,13657626,0.0,0.0,0.0814580637990153,0.0008145806379901
2024-06-05,2.2154080867767334,2.218523979187012,2.2116129398345947,2.216520071029663,15404165,0.0,0.0,0.0501932018559861,0.0005019320185598
2024-06-06,2.216520071029663,2.2176051139831543,2.2117860317230225,2.214379072189331,13445909,0.0,0.0,-0.0965928018570772,-0.0009659280185707
2024-06-07,2.214379072189331,2.2173728942871094,2.2088069915771484,2.214935064315796,16285839,0.0,0.0,0.0251082632349456,0.0002510826323494
2024-06-08,2.2147159576416016,2.2166290283203125,2.2123310565948486,2.214042901992798,9301894,0.0,0.0,-0.030390156646563,-0.0003039015664656
2024-06-09,2.2140679359436035,2.217621088027954,2.212671995162964,2.2144598960876465,8349848,0.0,0.0,0.0177031669931989,0.0001770316699319
2024-06-10,2.2145140171051025,2.216938018798828,2.212251901626587,2.2142820358276367,11653161,0.0,0.0,-0.0104754937505013,-0.000104754937505
2024-06-11,2.214293956756592,2.217155933380127,2.2108139991760254,2.214118003845215,18030580,0.0,0.0,-0.0079462309346985,-7.946230934698563e-05
2024-06-12,2.214008092880249,2.2188730239868164,2.2112300395965576,2.214118003845215,16781164,0.0,0.0,0.0049643434149707,4.9643434149707584e-05
2024-06-13,2.214211940765381,2.218501091003418,2.2117838859558105,2.2139060497283936,14229036,0.0,0.0,-0.0138148942003071,-0.000138148942003
2024-06-14,2.21382999420166,2.216695070266724,2.210788011550904,2.2136120796203613,15624616,0.0,0.0,-0.0098433295180559,-9.84332951805594e-05
2024-06-15,2.213578939437866,2.2162160873413086,2.211503028869629,2.214988946914673,10095258,0.0,0.0,0.0636980887234457,0.0006369808872344
2024-06-16,2.2151169776916504,2.216620922088623,2.211272954940796,2.2129011154174805,7529041,0.0,0.0,-0.1000336459196411,-0.0010003364591964
2024-06-17,2.212886095046997,2.2176671028137207,2.210258960723877,2.2144370079040527,12942764,0.0,0.0,0.0700855258897872,0.0007008552588978
2024-06-18,2.2142488956451416,2.2194149494171143,2.210845947265625,2.2140278816223145,15532979,0.0,0.0,-0.0099814444194519,-9.981444419451952e-05
2024-06-19,2.2138750553131104,2.217150926589966,2.211060047149658,2.215173959732056,11269471,0.0,0.0,0.0586710806388326,0.0005867108063883
2024-06-20,2.215173959732056,2.218316078186035,2.2113819122314453,2.2117249965667725,12211220,0.0,0.0,-0.15569716997309,-0.0015569716997308
2024-06-21,2.2117159366607666,2.2172939777374268,2.210176944732666,2.2142550945281982,12187431,0.0,0.0,0.1148048818269693,0.0011480488182696
2024-06-22,2.2146949768066406,2.2167649269104004,2.2117350101470947,2.2130401134490967,6508180,0.0,0.0,-0.0747219538073855,-0.0007472195380738
2024-06-23,2.2130250930786133,2.215995073318481,2.211220979690552,2.2118868827819824,7333797,0.0,0.0,-0.0514323267364066,-0.000514323267364
2024-06-24,2.2119300365448,2.2172200679779053,2.210304021835327,2.214292049407959,16802103,0.0,0.0,0.1067851525199603,0.0010678515251996
2024-06-25,2.2142550945281982,2.2209630012512207,2.2091729640960693,2.2185659408569336,17913365,0.0,0.0,0.1946860747611324,0.0019468607476113
2024-06-26,2.2183120250701904,2.219921112060547,2.210800886154175,2.21284294128418,22901276,0.0,0.0,-0.2465425839197373,-0.0024654258391973
2024-06-27,2.212752103805542,2.217456102371216,2.209150075912476,2.214495897293091,23276134,0.0,0.0,0.078806545231606,0.000788065452316
2024-06-28,2.214528083801269,2.216888904571533,2.206942081451416,2.2139480113983154,30981371,0.0,0.0,-0.0261939510813498,-0.0002619395108134
2024-06-29,2.2139039039611816,2.2153000831604004,2.209712028503418,2.210721969604492,13660264,0.0,0.0,-0.1437250438465844,-0.0014372504384658
2024-06-30,2.210706949234009,2.2158169746398926,2.2062880992889404,2.211008071899414,22575596,0.0,0.0,0.013621102765774,0.0001362110276577
2024-07-01,2.210644006729126,2.217413902282715,2.2073779106140137,2.210007905960083,27535724,0.0,0.0,-0.0287744551862126,-0.0002877445518621
2024-07-02,2.2098031044006348,2.216869115829468,2.2068231105804443,2.212027072906494,23036767,0.0,0.0,0.1006410255027034,0.001006410255027
2024-07-03,2.2121670246124268,2.2178831100463867,2.204852104187012,2.215873956680298,34239174,0.0,0.0,0.1675701710869029,0.001675701710869
2024-07-04,2.2155919075012207,2.304161071777344,2.2068679332733154,2.2807209491729736,37327404,0.0,0.0,,0.0293957752107907
2024-07-05,2.2796950340271,2.3305349349975586,2.2777299880981445,2.3256309032440186,48878177,0.0,0.0,2.015000626455391,0.0201500062645539
2024-07-06,2.3254330158233643,2.330979108810425,2.3132200241088867,2.3265540599823,20932955,0.0,0.0,0.048207974657082,0.0004820797465708
2024-07-07,2.326180934906006,2.327996015548706,2.2809839248657227,2.283076047897339,19661652,0.0,0.0,,-0.0185303242588946
2024-07-08,2.282794952392578,2.331872940063477,2.278270959854126,2.3076059818267822,32547309,0.0,0.0,1.0868706980537113,0.0108687069805371
2024-07-09,2.307616949081421,2.329986095428467,2.301767110824585,2.326244115829468,22771604,0.0,0.0,0.8072035853031034,0.008072035853031
2024-07-10,2.326504945755005,2.3426380157470703,2.315061092376709,2.339984893798828,34733254,0.0,0.0,0.5794076676440799,0.0057940766764408
2024-07-11,2.340074062347412,2.3502209186553955,2.329288959503174,2.337729930877685,51066792,0.0,0.0,-0.1001733879899307,-0.0010017338798993
2024-07-12,2.337722063064575,2.3457369804382324,2.333116054534912,2.3453259468078613,50786202,0.0,0.0,0.3252689386572338,0.0032526893865723
2024-07-13,2.345350980758667,2.361203908920288,2.3414011001586914,2.350321054458618,29266341,0.0,0.0,0.2119117241183009,0.002119117241183
2024-07-14,2.3505070209503174,2.362035036087036,2.3157379627227783,2.31630802154541,39013981,0.0,0.0,-1.4549626569964664,-0.0145496265699646
2024-07-15,2.316556930541992,2.32590389251709,2.309361934661865,2.3239340782165527,68551872,0.0,0.0,0.3184531136402745,0.0031845311364027
2024-07-16,2.3234639167785645,2.324592113494873,2.307581901550293,2.3190789222717285,81406552,0.0,0.0,-0.1887266023444703,-0.0018872660234447
2024-07-17,2.318835020065308,2.3248469829559326,2.302993059158325,2.308785915374756,61142652,0.0,0.0,-0.4333686788234368,-0.0043336867882343
2024-07-18,2.308810949325561,2.3243560791015625,2.302927017211914,2.3190720081329346,51356322,0.0,0.0,0.4444304463460251,0.0044443044634602
2024-07-19,2.319098949432373,2.324985980987549,2.302706956863404,2.3079779148101807,67960897,0.0,0.0,-0.4795411866714177,-0.0047954118667141
2024-07-20,2.3079779148101807,2.315449953079224,2.288887023925781,2.2992680072784424,33589040,0.0,0.0,-0.3773826203382291,-0.0037738262033822
2024-07-21,2.2992680072784424,2.3111629486083984,2.280761957168579,2.30470609664917,42355451,0.0,0.0,0.2365139406764678,0.0023651394067646
2024-07-22,2.30470609664917,2.32242488861084,2.2799549102783203,2.322139978408813,50070917,0.0,0.0,0.7564470708430183,0.0075644707084301
2024-07-23,2.322139978408813,2.3432540893554688,2.3128480911254883,2.3286149501800537,59770498,0.0,0.0,0.2788364108729348,0.0027883641087293
2024-07-24,2.328588962554932,2.3451180458068848,2.318681001663208,2.330451011657715,53853656,0.0,0.0,0.0799646967638168,0.0007996469676381
2024-07-25,2.330451011657715,2.3455400466918945,2.32377290725708,2.338124990463257,62763471,0.0,0.0,0.3292915734831635,0.0032929157348316
2024-07-26,2.338124990463257,2.346303939819336,2.3231680393218994,2.3334009647369385,50369491,0.0,0.0,-0.2020433358176621,-0.0020204333581766
2024-07-27,2.3334009647369385,2.350397109985352,2.3247230052948,2.32637906074524,66484502,0.0,0.0,-0.3009300200786521,-0.0030093002007865
2024-07-28,2.32637906074524,2.349142074584961,2.32637906074524,2.3429958820343018,32905729,0.0,0.0,0.7142783207367127,0.0071427832073671
2024-07-29,2.342984914779663,2.347872018814087,2.319962978363037,2.331406116485596,70093285,0.0,0.0,-0.4941900488145406,-0.0049419004881454
2024-07-30,2.331406116485596,2.340173959732056,2.318588972091675,2.335469961166382,43593332,0.0,0.0,0.1743087423529454,0.0017430874235294
2024-07-31,2.335469961166382,2.3429410457611084,2.3195719718933105,2.333379030227661,39104405,0.0,0.0,-0.0895293441357922,-0.0008952934413579
2024-08-01,2.333379030227661,2.3482859134674072,2.3277859687805176,2.337697982788086,59202116,0.0,0.0,0.1850943419168131,0.0018509434191681
2024-08-02,2.337697982788086,2.3492441177368164,2.296657085418701,2.3229899406433105,72239977,0.0,0.0,-0.6291677647440861,-0.0062916776474408
2024-08-03,2.3229899406433105,2.3486640453338623,2.3150739669799805,2.3359038829803467,65089772,0.0,0.0,0.5559189952178548,0.0055591899521785
2024-08-04,2.3359038829803467,2.342449903488159,2.320894956588745,2.3247249126434326,66120954,0.0,0.0,-0.47857150366354,-0.0047857150366354
2024-08-05,2.3247249126434326,2.35317611694336,2.315804958343506,2.3207969665527344,188747673,0.0,0.0,-0.1689639092064357,-0.0016896390920643
2024-08-06,2.320751190185547,2.3514230251312256,2.320751190185547,2.330536127090454,125615896,0.0,0.0,0.4216280033071924,0.0042162800330719
